ID,Link,Date,Sport,Country,League
QucIT126,https://www.betexplorer.com/soccer/aruba/division-di-honor/deportivo-nacional-santa-fe/QucIT126/,"2022,10,11,0,00",soccer,aruba,division-di-honor
fsI8NLwB,https://www.betexplorer.com/soccer/canada/canadian-premier-league/atletico-ottawa-york-united/fsI8NLwB/,"2022,10,11,0,00",soccer,canada,canadian-premier-league
CK9qwUx0,https://www.betexplorer.com/soccer/usa/usl-championship/san-diego-loyal-new-mexico/CK9qwUx0/,"2022,10,11,0,00",soccer,usa,usl-championship
IJs0h6rh,https://www.betexplorer.com/soccer/paraguay/primera-division/libertad-asuncion-12-de-octubre/IJs0h6rh/,"2022,10,11,0,30",soccer,paraguay,primera-division
4nzwJ91N,https://www.betexplorer.com/soccer/uruguay/primera-division/penarol-plaza-colonia/4nzwJ91N/,"2022,10,11,0,30",soccer,uruguay,primera-division
nBewXhja,https://www.betexplorer.com/soccer/colombia/primera-a/dep-cali-america-de-cali/nBewXhja/,"2022,10,11,0,35",soccer,colombia,primera-a
AL6LExsN,https://www.betexplorer.com/soccer/argentina/torneo-federal/ca-liniers-desamparados/AL6LExsN/,"2022,10,11,1,00",soccer,argentina,torneo-federal
GUaDH5Wu,https://www.betexplorer.com/soccer/ecuador/liga-pro/emelec-orense/GUaDH5Wu/,"2022,10,11,1,00",soccer,ecuador,liga-pro
xUHwPQDS,https://www.betexplorer.com/soccer/guatemala/liga-nacional/xinabajul-guastatoya/xUHwPQDS/,"2022,10,11,1,00",soccer,guatemala,liga-nacional
U59Kdxno,https://www.betexplorer.com/soccer/chile/primera-division/everton-cobresal/U59Kdxno/,"2022,10,11,1,15",soccer,chile,primera-division
WSMAtN6J,https://www.betexplorer.com/soccer/panama/lpf/union-deportivo-universitario-veraguas/WSMAtN6J/,"2022,10,11,1,15",soccer,panama,lpf
Ozy3HYYH,https://www.betexplorer.com/soccer/venezuela/primera-division/academia-puerto-cabello-dep-tachira/Ozy3HYYH/,"2022,10,11,1,15",soccer,venezuela,primera-division
tWRrq5R3,https://www.betexplorer.com/soccer/argentina/liga-profesional/patronato-river-plate/tWRrq5R3/,"2022,10,11,1,30",soccer,argentina,liga-profesional
EqtwfoP6,https://www.betexplorer.com/soccer/bolivia/division-profesional/wilstermann-blooming/EqtwfoP6/,"2022,10,11,1,30",soccer,bolivia,division-profesional
K2dMSLHC,https://www.betexplorer.com/soccer/aruba/division-di-honor/sv-river-plate-caravel/K2dMSLHC/,"2022,10,11,2,00",soccer,aruba,division-di-honor
Qe7UYELn,https://www.betexplorer.com/soccer/colombia/primera-a/bucaramanga-junior/Qe7UYELn/,"2022,10,11,2,40",soccer,colombia,primera-a
rgiRBR62,https://www.betexplorer.com/soccer/japan/nadeshiko-league-women/yokohama-fc-seagulls-ngu-nagoya/rgiRBR62/,"2022,10,11,6,00",soccer,japan,nadeshiko-league-women
KAvIpNYm,https://www.betexplorer.com/soccer/europe/euro-u19-women/azerbaijan-croatia/KAvIpNYm/,"2022,10,11,11,00",soccer,europe,euro-u19-women
xnkDo3Js,https://www.betexplorer.com/soccer/europe/euro-u19-women/cyprus-montenegro/xnkDo3Js/,"2022,10,11,11,00",soccer,europe,euro-u19-women
K8RJAGiH,https://www.betexplorer.com/soccer/europe/euro-u19-women/netherlands-sweden/K8RJAGiH/,"2022,10,11,11,00",soccer,europe,euro-u19-women
baQN9z7N,https://www.betexplorer.com/soccer/europe/euro-u19-women/turkey-greece/baQN9z7N/,"2022,10,11,11,00",soccer,europe,euro-u19-women
bwHkBxHF,https://www.betexplorer.com/soccer/myanmar/national-league/ayeyawady-hantharwady-united/bwHkBxHF/,"2022,10,11,11,00",soccer,myanmar,national-league
UXHHYfY0,https://www.betexplorer.com/soccer/armenia/vbet-premier-league/alashkert-noah/UXHHYfY0/,"2022,10,11,13,00",soccer,armenia,vbet-premier-league
z3j9FOSr,https://www.betexplorer.com/soccer/belarus/vysshaya-liga-reserve/neman-slavia-mozyr/z3j9FOSr/,"2022,10,11,14,00",soccer,belarus,vysshaya-liga-reserve
O08hYR2o,https://www.betexplorer.com/soccer/england/professional-development-league/crewe-wigan/O08hYR2o/,"2022,10,11,14,00",soccer,england,professional-development-league
AFixP6CR,https://www.betexplorer.com/soccer/europe/euro-u19-women/ireland-france/AFixP6CR/,"2022,10,11,14,00",soccer,europe,euro-u19-women
COw4KQKr,https://www.betexplorer.com/soccer/europe/euro-u19-women/northern-ireland-poland/COw4KQKr/,"2022,10,11,14,00",soccer,europe,euro-u19-women
KEh7KMum,https://www.betexplorer.com/soccer/iraq/super-league/al-karkh-zakho/KEh7KMum/,"2022,10,11,14,00",soccer,iraq,super-league
Isd4RjGR,https://www.betexplorer.com/soccer/portugal/liga-revelacao-u23/braga-leixoes/Isd4RjGR/,"2022,10,11,14,00",soccer,portugal,liga-revelacao-u23
xMksgjxf,https://www.betexplorer.com/soccer/ukraine/premier-league/oleksandriya-metalist-1925/xMksgjxf/,"2022,10,11,14,00",soccer,ukraine,premier-league
4YWdCDuC,https://www.betexplorer.com/soccer/world/friendly-international-women/belarus-russia/4YWdCDuC/,"2022,10,11,14,00",soccer,world,friendly-international-women
OWANmdof,https://www.betexplorer.com/soccer/world/friendly-international-women/singapore-indonesia/OWANmdof/,"2022,10,11,14,00",soccer,world,friendly-international-women
p6RKjCwO,https://www.betexplorer.com/soccer/argentina/reserve-league/velez-sarsfield-san-lorenzo/p6RKjCwO/,"2022,10,11,15,00",soccer,argentina,reserve-league
A7yC8Fxr,https://www.betexplorer.com/soccer/bulgaria/parva-liga/spartak-varna-lok-plovdiv/A7yC8Fxr/,"2022,10,11,15,00",soccer,bulgaria,parva-liga
CzWQnBSf,https://www.betexplorer.com/soccer/bulgaria/vtora-liga/cska-1948-sofia-strumska-slava/CzWQnBSf/,"2022,10,11,15,00",soccer,bulgaria,vtora-liga
6mhdww02,https://www.betexplorer.com/soccer/croatia/prva-nl/dugopolje-bijelo-brdo/6mhdww02/,"2022,10,11,15,00",soccer,croatia,prva-nl
2PleRP8K,https://www.betexplorer.com/soccer/czech-republic/division-2/sigma-olomouc-slavia-prague/2PleRP8K/,"2022,10,11,15,00",soccer,czech-republic,division-2
bJ05VPn4,https://www.betexplorer.com/soccer/england/professional-development-league/burnley-birmingham/bJ05VPn4/,"2022,10,11,15,00",soccer,england,professional-development-league
2i7dXoIi,https://www.betexplorer.com/soccer/england/professional-development-league/charlton-ipswich/2i7dXoIi/,"2022,10,11,15,00",soccer,england,professional-development-league
KS11W5Xc,https://www.betexplorer.com/soccer/england/professional-development-league/reading-watford/KS11W5Xc/,"2022,10,11,15,00",soccer,england,professional-development-league
WhG8vxOd,https://www.betexplorer.com/soccer/ethiopia/premier-league/ethiopia-bunna-hawassa/WhG8vxOd/,"2022,10,11,15,00",soccer,ethiopia,premier-league
z9ZHIt6i,https://www.betexplorer.com/soccer/italy/primavera-1/sassuolo-udinese/z9ZHIt6i/,"2022,10,11,15,00",soccer,italy,primavera-1
4Y0Xn7vA,https://www.betexplorer.com/soccer/tajikistan/vysshaya-liga/istiqlol-dushanbe-ravshan-kulob/4Y0Xn7vA/,"2022,10,11,15,00",soccer,tajikistan,vysshaya-liga
xtOChY8B,https://www.betexplorer.com/soccer/argentina/reserve-league/aldosivi-boca-juniors/xtOChY8B/,"2022,10,11,16,00",soccer,argentina,reserve-league
GWMGihOH,https://www.betexplorer.com/soccer/argentina/reserve-league/gimnasia-l-p-banfield/GWMGihOH/,"2022,10,11,16,00",soccer,argentina,reserve-league
dWF4ffva,https://www.betexplorer.com/soccer/argentina/reserve-league/independiente-tigre/dWF4ffva/,"2022,10,11,16,00",soccer,argentina,reserve-league
2NeZ9Zwn,https://www.betexplorer.com/soccer/argentina/reserve-league/lanus-estudiantes-l-p/2NeZ9Zwn/,"2022,10,11,16,00",soccer,argentina,reserve-league
f56ndBwH,https://www.betexplorer.com/soccer/europe/euro-u19-women/belarus-georgia/f56ndBwH/,"2022,10,11,16,00",soccer,europe,euro-u19-women
nkhiHNqd,https://www.betexplorer.com/soccer/india/isl/atk-mohun-bagan-chennaiyin-fc/nkhiHNqd/,"2022,10,11,16,00",soccer,india,isl
I7HZaRpS,https://www.betexplorer.com/soccer/norway/division-2-group-2/alta-valerenga/I7HZaRpS/,"2022,10,11,16,00",soccer,norway,division-2-group-2
hIPhhaJi,https://www.betexplorer.com/soccer/portugal/liga-revelacao-u23/portimonense-sc-farense/hIPhhaJi/,"2022,10,11,16,00",soccer,portugal,liga-revelacao-u23
Mu8PxtEI,https://www.betexplorer.com/soccer/serbia/super-liga/radnicki-nis-radnicki-1923/Mu8PxtEI/,"2022,10,11,16,00",soccer,serbia,super-liga
lfpOGvuC,https://www.betexplorer.com/soccer/iraq/super-league/al-quwa-al-jawiya-al-najaf/lfpOGvuC/,"2022,10,11,16,15",soccer,iraq,super-league
YBLwM1Vq,https://www.betexplorer.com/soccer/romania/liga-1/fc-u-craiova-chindia-targoviste/YBLwM1Vq/,"2022,10,11,16,30",soccer,romania,liga-1
lKiVAFOu,https://www.betexplorer.com/soccer/argentina/reserve-league/huracan-argentinos-jrs/lKiVAFOu/,"2022,10,11,17,00",soccer,argentina,reserve-league
O4CLETaJ,https://www.betexplorer.com/soccer/bahrain/king-s-cup/al-riffa-al-ittifaq/O4CLETaJ/,"2022,10,11,17,00",soccer,bahrain,king-s-cup
jXeH4Svl,https://www.betexplorer.com/soccer/chile/primera-b/deportes-iquique-barnechea/jXeH4Svl/,"2022,10,11,17,00",soccer,chile,primera-b
pA7POuhr,https://www.betexplorer.com/soccer/finland/veikkausliiga/sjk-honka/pA7POuhr/,"2022,10,11,17,00",soccer,finland,veikkausliiga
rw7X1MNG,https://www.betexplorer.com/soccer/greece/super-league/atromitos-giannina/rw7X1MNG/,"2022,10,11,17,00",soccer,greece,super-league
EwZzEpeR,https://www.betexplorer.com/soccer/norway/division-3-group-6/skjetten-tromso/EwZzEpeR/,"2022,10,11,17,00",soccer,norway,division-3-group-6
n1jCJNxt,https://www.betexplorer.com/soccer/iceland/besta-deild-karla/hafnarfjordur-leiknir-reykjavik/n1jCJNxt/,"2022,10,11,17,15",soccer,iceland,besta-deild-karla
byfGIshn,https://www.betexplorer.com/soccer/iceland/besta-deild-karla/ibv-vestmannaeyjar-keflavik/byfGIshn/,"2022,10,11,17,15",soccer,iceland,besta-deild-karla
vXOpweqp,https://www.betexplorer.com/soccer/saudi-arabia/saudi-professional-league/al-raed-al-taee/vXOpweqp/,"2022,10,11,17,15",soccer,saudi-arabia,saudi-professional-league
AL2eDLEE,https://www.betexplorer.com/soccer/saudi-arabia/division-1/al-arabi-al-riyadh/AL2eDLEE/,"2022,10,11,17,15",soccer,saudi-arabia,division-1
WU3iE1a8,https://www.betexplorer.com/soccer/saudi-arabia/division-1/al-hazem-rass-al-qadisiya/WU3iE1a8/,"2022,10,11,17,15",soccer,saudi-arabia,division-1
f9fNGOf2,https://www.betexplorer.com/soccer/ivory-coast/ligue-1/korhogo-stade-d-abidjan/f9fNGOf2/,"2022,10,11,17,30",soccer,ivory-coast,ligue-1
6XDYmdqH,https://www.betexplorer.com/soccer/slovenia/prva-liga/radomlje-nd-gorica/6XDYmdqH/,"2022,10,11,17,30",soccer,slovenia,prva-liga
EaYS4Xy7,https://www.betexplorer.com/soccer/bulgaria/parva-liga/ludogorets-cska-sofia/EaYS4Xy7/,"2022,10,11,18,00",soccer,bulgaria,parva-liga
ttaIFMMm,https://www.betexplorer.com/soccer/cyprus/first-division/ael-limassol-omonia/ttaIFMMm/,"2022,10,11,18,00",soccer,cyprus,first-division
bH9DG27s,https://www.betexplorer.com/soccer/cyprus/first-division/anorthosis-apollon-limassol/bH9DG27s/,"2022,10,11,18,00",soccer,cyprus,first-division
S2QJP5XG,https://www.betexplorer.com/soccer/israel/ligat-ha-al/shmona-ashdod/S2QJP5XG/,"2022,10,11,18,00",soccer,israel,ligat-ha-al
YuTvVqWH,https://www.betexplorer.com/soccer/norway/obos-ligaen/asane-raufoss/YuTvVqWH/,"2022,10,11,18,00",soccer,norway,obos-ligaen
8YcghGXD,https://www.betexplorer.com/soccer/norway/obos-ligaen/fredrikstad-bryne/8YcghGXD/,"2022,10,11,18,00",soccer,norway,obos-ligaen
pbLMzl2t,https://www.betexplorer.com/soccer/norway/obos-ligaen/kfum-oslo-stabaek/pbLMzl2t/,"2022,10,11,18,00",soccer,norway,obos-ligaen
tQEVYRWh,https://www.betexplorer.com/soccer/norway/obos-ligaen/ranheim-kongsvinger/tQEVYRWh/,"2022,10,11,18,00",soccer,norway,obos-ligaen
zmEZXona,https://www.betexplorer.com/soccer/norway/obos-ligaen/sandnes-ulf-grorud/zmEZXona/,"2022,10,11,18,00",soccer,norway,obos-ligaen
4IhJwkPd,https://www.betexplorer.com/soccer/norway/division-3-group-4/halsen-sarpsborg-08/4IhJwkPd/,"2022,10,11,18,00",soccer,norway,division-3-group-4
bcuQ4XbU,https://www.betexplorer.com/soccer/norway/division-3-group-6/lillestrom-stromsgodset/bcuQ4XbU/,"2022,10,11,18,00",soccer,norway,division-3-group-6
CxPpmmjh,https://www.betexplorer.com/soccer/poland/ekstraklasa/rakow-czestochowa-legnica/CxPpmmjh/,"2022,10,11,18,00",soccer,poland,ekstraklasa
McTZpibi,https://www.betexplorer.com/soccer/poland/division-1/zaglebie-sosnowiec-termalica-bruk-bet/McTZpibi/,"2022,10,11,18,00",soccer,poland,division-1
4M0clLVe,https://www.betexplorer.com/soccer/russia/fnl/arsenal-tula-alania-vladikavkaz/4M0clLVe/,"2022,10,11,18,30",soccer,russia,fnl
fmPHeX7K,https://www.betexplorer.com/soccer/world/friendly-international-women/italy-brazil/fmPHeX7K/,"2022,10,11,18,30",soccer,world,friendly-international-women
nmX3lzLp,https://www.betexplorer.com/soccer/denmark/superliga/horsens-aalborg/nmX3lzLp/,"2022,10,11,19,00",soccer,denmark,superliga
02FQF6J6,https://www.betexplorer.com/soccer/england/premier-league-2/west-brom-middlesbrough/02FQF6J6/,"2022,10,11,19,00",soccer,england,premier-league-2
Mm6GF6zk,https://www.betexplorer.com/soccer/estonia/esiliiga/fc-alliance-tulevik/Mm6GF6zk/,"2022,10,11,19,00",soccer,estonia,esiliiga
fN5XYtZ0,https://www.betexplorer.com/soccer/germany/3-liga/hallescher-dortmund/fN5XYtZ0/,"2022,10,11,19,00",soccer,germany,3-liga
6gLFWNcH,https://www.betexplorer.com/soccer/hungary/otp-bank-liga/mol-fehervar-fc-ujpest/6gLFWNcH/,"2022,10,11,19,00",soccer,hungary,otp-bank-liga
rFjG5pto,https://www.betexplorer.com/soccer/israel/ligat-ha-al/h-beer-sheva-hapoel-haifa/rFjG5pto/,"2022,10,11,19,00",soccer,israel,ligat-ha-al
0lS5OE9O,https://www.betexplorer.com/soccer/norway/division-3-group-2/honefoss-molde/0lS5OE9O/,"2022,10,11,19,00",soccer,norway,division-3-group-2
4Cuj3Je6,https://www.betexplorer.com/soccer/norway/division-3-group-3/viking-sola/4Cuj3Je6/,"2022,10,11,19,00",soccer,norway,division-3-group-3
W4CY6k2C,https://www.betexplorer.com/soccer/portugal/liga-portugal-2/trofense-feirense/W4CY6k2C/,"2022,10,11,19,00",soccer,portugal,liga-portugal-2
Sdc0CuUK,https://www.betexplorer.com/soccer/saudi-arabia/division-1/hajer-al-akhdoud/Sdc0CuUK/,"2022,10,11,19,00",soccer,saudi-arabia,division-1
0M9v7Upc,https://www.betexplorer.com/soccer/sweden/allsvenskan/norrkoping-mjallby/0M9v7Upc/,"2022,10,11,19,00",soccer,sweden,allsvenskan
YXfMrYVk,https://www.betexplorer.com/soccer/sweden/superettan/orebro-dalkurd/YXfMrYVk/,"2022,10,11,19,00",soccer,sweden,superettan
G4OgUYJ0,https://www.betexplorer.com/soccer/turkey/super-lig/basaksehir-sivasspor/G4OgUYJ0/,"2022,10,11,19,00",soccer,turkey,super-lig
8vLoWfkl,https://www.betexplorer.com/soccer/turkey/super-lig/trabzonspor-kasimpasa/8vLoWfkl/,"2022,10,11,19,00",soccer,turkey,super-lig
8dxn7CJg,https://www.betexplorer.com/soccer/turkey/1-lig/altay-rizespor/8dxn7CJg/,"2022,10,11,19,00",soccer,turkey,1-lig
pERiqRhj,https://www.betexplorer.com/soccer/sweden/allsvenskan/hammarby-varberg/pERiqRhj/,"2022,10,11,19,10",soccer,sweden,allsvenskan
hpY6S7mb,https://www.betexplorer.com/soccer/israel/ligat-ha-al/maccabi-tel-aviv-hapoel-tel-aviv/hpY6S7mb/,"2022,10,11,19,30",soccer,israel,ligat-ha-al
dWRaTqwA,https://www.betexplorer.com/soccer/romania/liga-1/fc-uta-arad-cfr-cluj/dWRaTqwA/,"2022,10,11,19,30",soccer,romania,liga-1
bZvnyZDd,https://www.betexplorer.com/soccer/saudi-arabia/saudi-professional-league/al-hilal-al-shabab/bZvnyZDd/,"2022,10,11,19,30",soccer,saudi-arabia,saudi-professional-league
KrtrxFbj,https://www.betexplorer.com/soccer/saudi-arabia/saudi-professional-league/al-wehda-al-batin/KrtrxFbj/,"2022,10,11,19,30",soccer,saudi-arabia,saudi-professional-league
IorBni1a,https://www.betexplorer.com/soccer/argentina/primera-nacional/atletico-atlanta-gimnasia-mendoza/IorBni1a/,"2022,10,11,20,00",soccer,argentina,primera-nacional
EgPOzf2m,https://www.betexplorer.com/soccer/argentina/primera-nacional/instituto-deportivo-madryn/EgPOzf2m/,"2022,10,11,20,00",soccer,argentina,primera-nacional
z3QKyzms,https://www.betexplorer.com/soccer/argentina/primera-nacional/sacachispas-estudiantes-rio-cuarto/z3QKyzms/,"2022,10,11,20,00",soccer,argentina,primera-nacional
4rIyYin6,https://www.betexplorer.com/soccer/argentina/primera-nacional/san-martin-t-flandria/4rIyYin6/,"2022,10,11,20,00",soccer,argentina,primera-nacional
ALv3lDWn,https://www.betexplorer.com/soccer/argentina/primera-nacional/santamarina-club-atletico-guemes/ALv3lDWn/,"2022,10,11,20,00",soccer,argentina,primera-nacional
ALIXYXWa,https://www.betexplorer.com/soccer/argentina/primera-nacional/tristan-suarez-temperley/ALIXYXWa/,"2022,10,11,20,00",soccer,argentina,primera-nacional
Gb7HFIRG,https://www.betexplorer.com/soccer/argentina/torneo-federal/circulo-deportivo-camioneros-buenos-aires/Gb7HFIRG/,"2022,10,11,20,00",soccer,argentina,torneo-federal
l0ivT74Q,https://www.betexplorer.com/soccer/belgium/pro-league-u21/deinze-virton/l0ivT74Q/,"2022,10,11,20,00",soccer,belgium,pro-league-u21
zkw6WNQL,https://www.betexplorer.com/soccer/brazil/copa-do-brasil-u20/flamengo-rj-america-mg/zkw6WNQL/,"2022,10,11,20,00",soccer,brazil,copa-do-brasil-u20
f1AoAlHQ,https://www.betexplorer.com/soccer/chile/primera-b/arturo-fernandez-vial-san-luis/f1AoAlHQ/,"2022,10,11,20,00",soccer,chile,primera-b
lluoCAnE,https://www.betexplorer.com/soccer/chile/primera-b/s-morning-copiapo/lluoCAnE/,"2022,10,11,20,00",soccer,chile,primera-b
SlHIHSlf,https://www.betexplorer.com/soccer/england/premier-league-2/derby-nottingham/SlHIHSlf/,"2022,10,11,20,00",soccer,england,premier-league-2
jocayyhK,https://www.betexplorer.com/soccer/england/premier-league-2/leicester-fulham/jocayyhK/,"2022,10,11,20,00",soccer,england,premier-league-2
MBGMGn40,https://www.betexplorer.com/soccer/england/premier-league-2/sunderland-leeds/MBGMGn40/,"2022,10,11,20,00",soccer,england,premier-league-2
ht09Uq2A,https://www.betexplorer.com/soccer/england/professional-development-league/hull-city-peterborough/ht09Uq2A/,"2022,10,11,20,00",soccer,england,professional-development-league
8Cr5u8X2,https://www.betexplorer.com/soccer/ivory-coast/ligue-1/asi-d-abengourou-sol/8Cr5u8X2/,"2022,10,11,20,00",soccer,ivory-coast,ligue-1
8OrJvJTP,https://www.betexplorer.com/soccer/argentina/primera-d/csr-espanol-yupanqui/8OrJvJTP/,"2022,10,11,20,30",soccer,argentina,primera-d
69LrOWGp,https://www.betexplorer.com/soccer/italy/serie-c-group-b/siena-cesena/69LrOWGp/,"2022,10,11,20,30",soccer,italy,serie-c-group-b
UDZulTzn,https://www.betexplorer.com/soccer/poland/ekstraklasa/piast-gliwice-widzew-lodz/UDZulTzn/,"2022,10,11,20,30",soccer,poland,ekstraklasa
80OKPc9D,https://www.betexplorer.com/soccer/england/southern-league-central-division/hitchin-leiston/80OKPc9D/,"2022,10,11,20,45",soccer,england,southern-league-central-division
vNkxQKrM,https://www.betexplorer.com/soccer/england/isthmian-league-premier-division/carshalton-aveley/vNkxQKrM/,"2022,10,11,20,45",soccer,england,isthmian-league-premier-division
WtGW72jj,https://www.betexplorer.com/soccer/france/ligue-2/sochaux-st-etienne/WtGW72jj/,"2022,10,11,20,45",soccer,france,ligue-2
YgMiTkRk,https://www.betexplorer.com/soccer/italy/serie-a/fiorentina-lazio/YgMiTkRk/,"2022,10,11,20,45",soccer,italy,serie-a
vTAPozyg,https://www.betexplorer.com/soccer/bolivia/nacional-b/24-de-septiembre-garcia-agreda/vTAPozyg/,"2022,10,11,21,00",soccer,bolivia,nacional-b
COomeebj,https://www.betexplorer.com/soccer/england/premier-league/nottingham-aston-villa/COomeebj/,"2022,10,11,21,00",soccer,england,premier-league
p29mY11Q,https://www.betexplorer.com/soccer/spain/laliga/elche-mallorca/p29mY11Q/,"2022,10,11,21,00",soccer,spain,laliga
46IXCeun,https://www.betexplorer.com/soccer/spain/laliga2/eibar-mirandes/46IXCeun/,"2022,10,11,21,00",soccer,spain,laliga2
ziMoZBBB,https://www.betexplorer.com/soccer/usa/nisa/flower-city-michigan-stars/ziMoZBBB/,"2022,10,11,21,00",soccer,usa,nisa
G06ASILA,https://www.betexplorer.com/soccer/iceland/besta-deild-karla/stjarnan-vikingur-reykjavik/G06ASILA/,"2022,10,11,21,15",soccer,iceland,besta-deild-karla
Um46jLoL,https://www.betexplorer.com/soccer/portugal/liga-portugal/arouca-famalicao/Um46jLoL/,"2022,10,11,21,15",soccer,portugal,liga-portugal
KGwzoRdi,https://www.betexplorer.com/soccer/argentina/liga-profesional/argentinos-jrs-huracan/KGwzoRdi/,"2022,10,11,21,30",soccer,argentina,liga-profesional
SnUft3BM,https://www.betexplorer.com/soccer/argentina/liga-profesional/rosario-central-defensa-y-justicia/SnUft3BM/,"2022,10,11,21,30",soccer,argentina,liga-profesional
WpCVWJdi,https://www.betexplorer.com/soccer/argentina/torneo-federal/huracan-las-heras-sansinena/WpCVWJdi/,"2022,10,11,21,30",soccer,argentina,torneo-federal
OOd2JhXC,https://www.betexplorer.com/soccer/argentina/primera-nacional/ind-rivadavia-nueva-chicago/OOd2JhXC/,"2022,10,11,22,00",soccer,argentina,primera-nacional
EeQXpNuF,https://www.betexplorer.com/soccer/brazil/copa-do-brasil-u20/cruzeiro-fluminense/EeQXpNuF/,"2022,10,11,22,00",soccer,brazil,copa-do-brasil-u20
zex5iQcb,https://www.betexplorer.com/soccer/paraguay/primera-division/guairena-fc-resistencia/zex5iQcb/,"2022,10,11,22,00",soccer,paraguay,primera-division
UcFeLLOo,https://www.betexplorer.com/soccer/chile/primera-division/a-italiano-union-la-calera/UcFeLLOo/,"2022,10,11,22,30",soccer,chile,primera-division
82uWk3ad,https://www.betexplorer.com/soccer/peru/liga-1/sport-huancayo-binacional/82uWk3ad/,"2022,10,11,22,30",soccer,peru,liga-1
dM2QZf6t,https://www.betexplorer.com/soccer/colombia/primera-a/union-magdalena-ind-medellin/dM2QZf6t/,"2022,10,11,23,00",soccer,colombia,primera-a
21IrfcOu,https://www.betexplorer.com/soccer/world/friendly-international-women/mexico-chile/21IrfcOu/,"2022,10,11,23,00",soccer,world,friendly-international-women
pMP4iGaS,https://www.betexplorer.com/soccer/brazil/serie-a/atletico-go-palmeiras/pMP4iGaS/,"2022,10,11,23,30",soccer,brazil,serie-a
63bLbwTL,https://www.betexplorer.com/soccer/mexico/liga-premier-serie-b/calor-de-san-pedro-mazorqueros/63bLbwTL/,"2022,10,11,23,30",soccer,mexico,liga-premier-serie-b
b7xvpoCc,https://www.betexplorer.com/soccer/argentina/liga-profesional/estudiantes-l-p-lanus/b7xvpoCc/,"2022,10,11,0,00",soccer,argentina,liga-profesional
ldVjsqdG,https://www.betexplorer.com/soccer/argentina/liga-profesional/racing-club-atl-tucuman/ldVjsqdG/,"2022,10,11,0,00",soccer,argentina,liga-profesional
Eoy9jpD4,https://www.betexplorer.com/soccer/paraguay/primera-division/nacional-asuncion-cerro-porteno/Eoy9jpD4/,"2022,10,11,0,30",soccer,paraguay,primera-division
CWXifIF9,https://www.betexplorer.com/soccer/brazil/serie-a/santos-esporte-clube-juventude/CWXifIF9/,"2022,10,11,1,00",soccer,brazil,serie-a
SvvkBU1K,https://www.betexplorer.com/soccer/chile/primera-b/club-deportes-santa-cruz-san-felipe/SvvkBU1K/,"2022,10,11,1,00",soccer,chile,primera-b
rBtanb1R,https://www.betexplorer.com/soccer/argentina/torneo-federal/union-de-sunchales-racing-cordoba/rBtanb1R/,"2022,10,11,2,00",soccer,argentina,torneo-federal
M9usg5vD,https://www.betexplorer.com/soccer/bolivia/division-profesional/independiente-petrolero-aurora/M9usg5vD/,"2022,10,11,2,00",soccer,bolivia,division-profesional
x4U2c2oO,https://www.betexplorer.com/soccer/ecuador/liga-pro/independiente-del-valle-tecnico-u/x4U2c2oO/,"2022,10,11,2,00",soccer,ecuador,liga-pro
4pH4Voc4,https://www.betexplorer.com/soccer/argentina/liga-profesional/central-cordoba-santiago-del-estero-newells-old-boys/4pH4Voc4/,"2022,10,11,2,30",soccer,argentina,liga-profesional
4n6YXYzg,https://www.betexplorer.com/soccer/colombia/primera-a/petrolera-santa-fe/4n6YXYzg/,"2022,10,11,2,45",soccer,colombia,primera-a
G6BUoc2g,https://www.betexplorer.com/soccer/peru/liga-1/a-lima-dep-municipal/G6BUoc2g/,"2022,10,11,3,00",soccer,peru,liga-1
0IezABx3,https://www.betexplorer.com/soccer/south-korea/k-league-1/pohang-ulsan-hyundai/0IezABx3/,"2022,10,11,8,00",soccer,south-korea,k-league-1
0Mep9HYL,https://www.betexplorer.com/soccer/vietnam/v-league-2/hue-fc-bhts-quang-nam/0Mep9HYL/,"2022,10,11,11,00",soccer,vietnam,v-league-2
EPal8ylS,https://www.betexplorer.com/soccer/vietnam/v-league-2/cong-an-nhan-dan-ba-ria-vung-tau/EPal8ylS/,"2022,10,11,11,30",soccer,vietnam,v-league-2
MXqq8k7F,https://www.betexplorer.com/soccer/south-korea/k-league-1/incheon-jeju-utd/MXqq8k7F/,"2022,10,11,12,30",soccer,south-korea,k-league-1
rsou9Vi9,https://www.betexplorer.com/soccer/south-korea/k-league-1/jeonbuk-gangwon/rsou9Vi9/,"2022,10,11,12,30",soccer,south-korea,k-league-1
0htZu7Md,https://www.betexplorer.com/soccer/india/isl/jamshedpur-odisha/0htZu7Md/,"2022,10,11,16,00",soccer,india,isl
vTURikml,https://www.betexplorer.com/soccer/romania/liga-2/fc-buzau-selimbar/vTURikml/,"2022,10,11,16,00",soccer,romania,liga-2
xlA9HVF0,https://www.betexplorer.com/soccer/bahrain/king-s-cup/al-ahli-al-shabbab/xlA9HVF0/,"2022,10,11,17,00",soccer,bahrain,king-s-cup
CxTTaIjc,https://www.betexplorer.com/soccer/saudi-arabia/saudi-professional-league/al-taawon-abha/CxTTaIjc/,"2022,10,11,17,15",soccer,saudi-arabia,saudi-professional-league
QuXXbx63,https://www.betexplorer.com/soccer/saudi-arabia/saudi-professional-league/damac-al-ittihad-fc/QuXXbx63/,"2022,10,11,17,15",soccer,saudi-arabia,saudi-professional-league
z3EWAUCn,https://www.betexplorer.com/soccer/europe/champions-league/fc-copenhagen-manchester-city/z3EWAUCn/,"2022,10,11,18,45",soccer,europe,champions-league
SW7ELoR4,https://www.betexplorer.com/soccer/europe/champions-league/maccabi-haifa-juventus/SW7ELoR4/,"2022,10,11,18,45",soccer,europe,champions-league
COgQshod,https://www.betexplorer.com/soccer/sweden/superettan/halmstad-orgryte/COgQshod/,"2022,10,11,19,00",soccer,sweden,superettan
6BOPqEGq,https://www.betexplorer.com/soccer/sweden/superettan/jonkoping-brage/6BOPqEGq/,"2022,10,11,19,00",soccer,sweden,superettan
84MxbdL9,https://www.betexplorer.com/soccer/saudi-arabia/saudi-professional-league/al-feiha-al-ettifaq-fc/84MxbdL9/,"2022,10,11,19,30",soccer,saudi-arabia,saudi-professional-league
U91lhX7h,https://www.betexplorer.com/soccer/england/efl-trophy/doncaster-barnsley/U91lhX7h/,"2022,10,11,20,00",soccer,england,efl-trophy
UNrG3d8S,https://www.betexplorer.com/soccer/england/championship/wigan-blackburn/UNrG3d8S/,"2022,10,11,20,45",soccer,england,championship
n96Qwg4d,https://www.betexplorer.com/soccer/england/league-one/charlton-exeter/n96Qwg4d/,"2022,10,11,20,45",soccer,england,league-one
zVnLazRF,https://www.betexplorer.com/soccer/england/league-one/milton-keynes-dons-bristol-rovers/zVnLazRF/,"2022,10,11,20,45",soccer,england,league-one
vHtosSAl,https://www.betexplorer.com/soccer/england/league-one/peterborough-forest-green/vHtosSAl/,"2022,10,11,20,45",soccer,england,league-one
d07QsQrj,https://www.betexplorer.com/soccer/england/national-league/york-dagenham-red/d07QsQrj/,"2022,10,11,20,45",soccer,england,national-league
Uu6aafJ7,https://www.betexplorer.com/soccer/england/national-league-south/st-albans-concord-rangers/Uu6aafJ7/,"2022,10,11,20,45",soccer,england,national-league-south
Ycv61fo7,https://www.betexplorer.com/soccer/england/npl-premier-division/atherton-collieries-belper-town/Ycv61fo7/,"2022,10,11,20,45",soccer,england,npl-premier-division
n1rA0E0D,https://www.betexplorer.com/soccer/england/npl-premier-division/united-of-manchester-morpeth/n1rA0E0D/,"2022,10,11,20,45",soccer,england,npl-premier-division
xUgL7V7t,https://www.betexplorer.com/soccer/england/npl-premier-division/lancaster-warrington-rylands/xUgL7V7t/,"2022,10,11,20,45",soccer,england,npl-premier-division
IuBI6kNn,https://www.betexplorer.com/soccer/england/npl-premier-division/matlock-liversedge/IuBI6kNn/,"2022,10,11,20,45",soccer,england,npl-premier-division
dW9M59xg,https://www.betexplorer.com/soccer/england/npl-premier-division/nantwich-marine/dW9M59xg/,"2022,10,11,20,45",soccer,england,npl-premier-division
nL2Z27MB,https://www.betexplorer.com/soccer/england/npl-premier-division/stalybridge-marske-united/nL2Z27MB/,"2022,10,11,20,45",soccer,england,npl-premier-division
QB1w2RyI,https://www.betexplorer.com/soccer/england/npl-premier-division/warrington-town-gainsborough/QB1w2RyI/,"2022,10,11,20,45",soccer,england,npl-premier-division
fo6s1oiO,https://www.betexplorer.com/soccer/england/npl-premier-division/whitby-hyde/fo6s1oiO/,"2022,10,11,20,45",soccer,england,npl-premier-division
z7G6m11K,https://www.betexplorer.com/soccer/england/southern-league-central-division/afc-rushden-diamonds-nuneaton/z7G6m11K/,"2022,10,11,20,45",soccer,england,southern-league-central-division
ficwruPs,https://www.betexplorer.com/soccer/england/southern-league-central-division/basford-utd-hednesford/ficwruPs/,"2022,10,11,20,45",soccer,england,southern-league-central-division
lEdssavl,https://www.betexplorer.com/soccer/england/southern-league-central-division/bromsgrove-tamworth/lEdssavl/,"2022,10,11,20,45",soccer,england,southern-league-central-division
S4eotJgf,https://www.betexplorer.com/soccer/england/southern-league-central-division/coalville-town-redditch/S4eotJgf/,"2022,10,11,20,45",soccer,england,southern-league-central-division
n7BnvcO6,https://www.betexplorer.com/soccer/england/southern-league-central-division/royston-town-kings-langley/n7BnvcO6/,"2022,10,11,20,45",soccer,england,southern-league-central-division
tUAjwHwD,https://www.betexplorer.com/soccer/england/southern-league-central-division/rushall-ilkeston/tUAjwHwD/,"2022,10,11,20,45",soccer,england,southern-league-central-division
YsjsQ4Rp,https://www.betexplorer.com/soccer/england/southern-league-south-division/dorchester-weston-super-mare/YsjsQ4Rp/,"2022,10,11,20,45",soccer,england,southern-league-south-division
AaZPll4o,https://www.betexplorer.com/soccer/england/southern-league-south-division/hanwell-town-hayes-yeading/AaZPll4o/,"2022,10,11,20,45",soccer,england,southern-league-south-division
ljYTm8Ji,https://www.betexplorer.com/soccer/england/southern-league-south-division/harrow-borough-chesham/ljYTm8Ji/,"2022,10,11,20,45",soccer,england,southern-league-south-division
dGyxnnl4,https://www.betexplorer.com/soccer/england/southern-league-south-division/metropolitan-police-gosport-borough/dGyxnnl4/,"2022,10,11,20,45",soccer,england,southern-league-south-division
OMcAKLCJ,https://www.betexplorer.com/soccer/england/southern-league-south-division/north-leigh-merthyr-town/OMcAKLCJ/,"2022,10,11,20,45",soccer,england,southern-league-south-division
vuRto63A,https://www.betexplorer.com/soccer/england/southern-league-south-division/poole-town-bracknell-town/vuRto63A/,"2022,10,11,20,45",soccer,england,southern-league-south-division
IVPppQIG,https://www.betexplorer.com/soccer/england/southern-league-south-division/winchester-city-hartley-wintney/IVPppQIG/,"2022,10,11,20,45",soccer,england,southern-league-south-division
QePlqpYM,https://www.betexplorer.com/soccer/england/southern-league-south-division/yate-plymouth-parkway/QePlqpYM/,"2022,10,11,20,45",soccer,england,southern-league-south-division
IDltPvbS,https://www.betexplorer.com/soccer/england/isthmian-league-premier-division/corinthian-casuals-margate/IDltPvbS/,"2022,10,11,20,45",soccer,england,isthmian-league-premier-division
8h80Kb6q,https://www.betexplorer.com/soccer/england/isthmian-league-premier-division/enfield-town-bognor-regis/8h80Kb6q/,"2022,10,11,20,45",soccer,england,isthmian-league-premier-division
n9jehtNj,https://www.betexplorer.com/soccer/england/isthmian-league-premier-division/herne-bay-lewes/n9jehtNj/,"2022,10,11,20,45",soccer,england,isthmian-league-premier-division
z5mau0r9,https://www.betexplorer.com/soccer/england/isthmian-league-premier-division/potters-canvey-island/z5mau0r9/,"2022,10,11,20,45",soccer,england,isthmian-league-premier-division
lhXsbazq,https://www.betexplorer.com/soccer/england/efl-trophy/gillingham-colchester/lhXsbazq/,"2022,10,11,20,45",soccer,england,efl-trophy
KSwVs0bi,https://www.betexplorer.com/soccer/scotland/premiership/dundee-utd-hibernian/KSwVs0bi/,"2022,10,11,20,45",soccer,scotland,premiership
C8TShtOT,https://www.betexplorer.com/soccer/scotland/league-one/kelty-hearts-queen-of-south/C8TShtOT/,"2022,10,11,20,45",soccer,scotland,league-one
bTB6oUuN,https://www.betexplorer.com/soccer/scotland/league-two/bonnyrigg-rose-annan/bTB6oUuN/,"2022,10,11,20,45",soccer,scotland,league-two
IDhwt83p,https://www.betexplorer.com/soccer/scotland/league-two/elgin-city-albion-rovers/IDhwt83p/,"2022,10,11,20,45",soccer,scotland,league-two
MihYEzAk,https://www.betexplorer.com/soccer/europe/champions-league/ac-milan-chelsea/MihYEzAk/,"2022,10,11,21,00",soccer,europe,champions-league
fqgcdVcg,https://www.betexplorer.com/soccer/europe/champions-league/celtic-rb-leipzig/fqgcdVcg/,"2022,10,11,21,00",soccer,europe,champions-league
f3Lr8Sd5,https://www.betexplorer.com/soccer/europe/champions-league/dortmund-sevilla/f3Lr8Sd5/,"2022,10,11,21,00",soccer,europe,champions-league
fPUFqhEm,https://www.betexplorer.com/soccer/europe/champions-league/din-zagreb-salzburg/fPUFqhEm/,"2022,10,11,21,00",soccer,europe,champions-league
WtxyZe1L,https://www.betexplorer.com/soccer/europe/champions-league/paris-sg-benfica/WtxyZe1L/,"2022,10,11,21,00",soccer,europe,champions-league
zuQzuUSI,https://www.betexplorer.com/soccer/europe/champions-league/shakhtar-real-madrid/zuQzuUSI/,"2022,10,11,21,00",soccer,europe,champions-league
CbQ4tZf6,https://www.betexplorer.com/soccer/uruguay/primera-division/fenix-maldonado/CbQ4tZf6/,"2022,10,11,21,00",soccer,uruguay,primera-division
fczMsA4H,https://www.betexplorer.com/soccer/colombia/primera-a/patriotas-dep-pasto/fczMsA4H/,"2022,10,11,23,00",soccer,colombia,primera-a
pxf8sFu0,https://www.betexplorer.com/soccer/uruguay/primera-division/cerro-largo-rentistas/pxf8sFu0/,"2022,10,11,23,30",soccer,uruguay,primera-division
6q8G7ZWc,https://www.betexplorer.com/soccer/brazil/serie-b/guarani-crb/6q8G7ZWc/,"2022,10,11,0,00",soccer,brazil,serie-b
QLvGGLxs,https://www.betexplorer.com/soccer/mexico/liga-de-expansion-mx/raya2-pumas-tabasco/QLvGGLxs/,"2022,10,11,0,05",soccer,mexico,liga-de-expansion-mx
n5hTulZT,https://www.betexplorer.com/soccer/colombia/primera-a/la-equidad-cortulua/n5hTulZT/,"2022,10,11,1,05",soccer,colombia,primera-a
O6cJFuhm,https://www.betexplorer.com/soccer/mexico/liga-de-expansion-mx/cancun-tepatitlan-de-morelos/O6cJFuhm/,"2022,10,11,2,05",soccer,mexico,liga-de-expansion-mx
4KZlsdPJ,https://www.betexplorer.com/soccer/argentina/primera-nacional/ferro-almagro/4KZlsdPJ/,"2022,10,11,2,10",soccer,argentina,primera-nacional
IoQ8p3V1,https://www.betexplorer.com/soccer/brazil/serie-b/sampaio-correa-chapecoense-sc/IoQ8p3V1/,"2022,10,11,2,30",soccer,brazil,serie-b
hUDjSU4U,https://www.betexplorer.com/soccer/colombia/primera-a/dep-pereira-envigado/hUDjSU4U/,"2022,10,11,3,10",soccer,colombia,primera-a
6VnOEa7g,https://www.betexplorer.com/soccer/mexico/liga-de-expansion-mx/dorados-de-sinaloa-alebrijes-de-oaxaca/6VnOEa7g/,"2022,10,11,4,05",soccer,mexico,liga-de-expansion-mx
ShFQlr7n,https://www.betexplorer.com/soccer/japan/j1-league/fc-tokyo-cerezo-osaka/ShFQlr7n/,"2022,10,11,12,00",soccer,japan,j1-league
vTIUm2Mh,https://www.betexplorer.com/soccer/japan/j1-league/kawasaki-frontale-kyoto/vTIUm2Mh/,"2022,10,11,12,00",soccer,japan,j1-league
25QbAGZM,https://www.betexplorer.com/soccer/japan/j1-league/vissel-kobe-shonan-bellmare/25QbAGZM/,"2022,10,11,12,00",soccer,japan,j1-league
8rRfBdKG,https://www.betexplorer.com/soccer/japan/j1-league/yokohama-f-marinos-iwata/8rRfBdKG/,"2022,10,11,12,00",soccer,japan,j1-league
CGXoDIk4,https://www.betexplorer.com/soccer/japan/j1-league/urawa-reds-hokkaido-consadole-sapporo/CGXoDIk4/,"2022,10,11,12,30",soccer,japan,j1-league
0024Dpqe,https://www.betexplorer.com/soccer/south-korea/k-league-1/seoul-gimcheon-sangmu/0024Dpqe/,"2022,10,11,12,30",soccer,south-korea,k-league-1
M930EQTl,https://www.betexplorer.com/soccer/south-korea/k-league-1/suwon-bluewings-daegu/M930EQTl/,"2022,10,11,12,30",soccer,south-korea,k-league-1
rPi9C4b1,https://www.betexplorer.com/soccer/south-korea/k-league-1/suwon-fc-seongnam/rPi9C4b1/,"2022,10,11,12,30",soccer,south-korea,k-league-1
AsKWyqLe,https://www.betexplorer.com/soccer/thailand/thai-league-1/pathum-united-police-tero/AsKWyqLe/,"2022,10,11,13,00",soccer,thailand,thai-league-1
CES9E8Gj,https://www.betexplorer.com/soccer/spain/laliga2/villarreal-ponferradina/CES9E8Gj/,"2022,10,11,14,00",soccer,spain,laliga2
WhQKjtre,https://www.betexplorer.com/soccer/poland/polish-cup/zielona-gora-jagiellonia/WhQKjtre/,"2022,10,11,14,30",soccer,poland,polish-cup
CSqwuRy3,https://www.betexplorer.com/soccer/india/isl/east-bengal-fc-goa/CSqwuRy3/,"2022,10,11,16,00",soccer,india,isl
zwiKPwwg,https://www.betexplorer.com/soccer/bulgaria/parva-liga/slavia-sofia-levski-sofia/zwiKPwwg/,"2022,10,11,16,15",soccer,bulgaria,parva-liga
bqdftXNj,https://www.betexplorer.com/soccer/spain/laliga2/fc-andorra-burgos-cf/bqdftXNj/,"2022,10,11,16,15",soccer,spain,laliga2
zToJOhvb,https://www.betexplorer.com/soccer/spain/laliga2/leganes-malaga/zToJOhvb/,"2022,10,11,16,15",soccer,spain,laliga2
6Rbj05Um,https://www.betexplorer.com/soccer/slovakia/fortuna-liga/michalovce-podbrezova/6Rbj05Um/,"2022,10,11,16,30",soccer,slovakia,fortuna-liga
6RbKZOj6,https://www.betexplorer.com/soccer/norway/nm-cup/viking-kristiansund/6RbKZOj6/,"2022,10,11,18,00",soccer,norway,nm-cup
v1hAQE9o,https://www.betexplorer.com/soccer/spain/laliga2/alaves-albacete/v1hAQE9o/,"2022,10,11,18,30",soccer,spain,laliga2
2uwzLAwN,https://www.betexplorer.com/soccer/spain/laliga2/r-oviedo-huesca/2uwzLAwN/,"2022,10,11,18,30",soccer,spain,laliga2
8tpRMW8A,https://www.betexplorer.com/soccer/spain/laliga2/tenerife-fc-cartagena-sad/8tpRMW8A/,"2022,10,11,18,30",soccer,spain,laliga2
SCq2xGkN,https://www.betexplorer.com/soccer/europe/champions-league/atl-madrid-club-brugge/SCq2xGkN/,"2022,10,11,18,45",soccer,europe,champions-league
pzFOOdLN,https://www.betexplorer.com/soccer/europe/champions-league/napoli-ajax/pzFOOdLN/,"2022,10,11,18,45",soccer,europe,champions-league
xImwgteS,https://www.betexplorer.com/soccer/argentina/liga-profesional/aldosivi-banfield/xImwgteS/,"2022,10,11,19,00",soccer,argentina,liga-profesional
QT4ypKl4,https://www.betexplorer.com/soccer/faroe-islands/premier-league/eb-streymur-07-vestur-sorvagur/QT4ypKl4/,"2022,10,11,19,00",soccer,faroe-islands,premier-league
KEjkNyWu,https://www.betexplorer.com/soccer/norway/division-2-group-1/odds-bk-ullern/KEjkNyWu/,"2022,10,11,19,00",soccer,norway,division-2-group-1
zNQCmDag,https://www.betexplorer.com/soccer/france/national/avranches-martigues/zNQCmDag/,"2022,10,11,19,30",soccer,france,national
GIgnXiFC,https://www.betexplorer.com/soccer/france/national/chateauroux-nancy/GIgnXiFC/,"2022,10,11,19,30",soccer,france,national
SdN4kZUt,https://www.betexplorer.com/soccer/france/national/cholet-bastia-borgo/SdN4kZUt/,"2022,10,11,19,30",soccer,france,national
rPoYfe7J,https://www.betexplorer.com/soccer/france/national/paris-13-atletico-le-puy-en-velay/rPoYfe7J/,"2022,10,11,19,30",soccer,france,national
MFpxfFMP,https://www.betexplorer.com/soccer/france/national/red-star-bourg-peronnas/MFpxfFMP/,"2022,10,11,19,30",soccer,france,national
f9hjWBUI,https://www.betexplorer.com/soccer/france/national/sedan-orleans/f9hjWBUI/,"2022,10,11,19,30",soccer,france,national
t0R8lgpm,https://www.betexplorer.com/soccer/france/national/stade-briochin-concarneau/t0R8lgpm/,"2022,10,11,19,30",soccer,france,national
EDPGnXEa,https://www.betexplorer.com/soccer/france/national/versailles-le-mans/EDPGnXEa/,"2022,10,11,19,30",soccer,france,national
QoWiom0O,https://www.betexplorer.com/soccer/france/national/villefranche-dunkerque/QoWiom0O/,"2022,10,11,19,30",soccer,france,national
08nF1lLp,https://www.betexplorer.com/soccer/england/championship/bristol-city-preston/08nF1lLp/,"2022,10,11,20,45",soccer,england,championship
4nOhr4mT,https://www.betexplorer.com/soccer/england/southern-league-south-division/tiverton-salisbury/4nOhr4mT/,"2022,10,11,20,45",soccer,england,southern-league-south-division
AT0LwOep,https://www.betexplorer.com/soccer/england/southern-league-south-division/truro-swindon-supermarine/AT0LwOep/,"2022,10,11,20,45",soccer,england,southern-league-south-division
f9ACHdj2,https://www.betexplorer.com/soccer/england/isthmian-league-premier-division/kingstonian-brightlingsea/f9ACHdj2/,"2022,10,11,20,45",soccer,england,isthmian-league-premier-division
UufBpDsp,https://www.betexplorer.com/soccer/europe/champions-league/barcelona-inter/UufBpDsp/,"2022,10,11,21,00",soccer,europe,champions-league
YXjcDNYp,https://www.betexplorer.com/soccer/europe/champions-league/bayer-leverkusen-fc-porto/YXjcDNYp/,"2022,10,11,21,00",soccer,europe,champions-league
fm3qkgZS,https://www.betexplorer.com/soccer/europe/champions-league/plzen-bayern-munich/fm3qkgZS/,"2022,10,11,21,00",soccer,europe,champions-league
bXiotbjb,https://www.betexplorer.com/soccer/europe/champions-league/rangers-liverpool/bXiotbjb/,"2022,10,11,21,00",soccer,europe,champions-league
GhQ0XrQG,https://www.betexplorer.com/soccer/europe/champions-league/sporting-lisbon-marseille/GhQ0XrQG/,"2022,10,11,21,00",soccer,europe,champions-league
nsSM2C3S,https://www.betexplorer.com/soccer/europe/champions-league/tottenham-eintracht-frankfurt/nsSM2C3S/,"2022,10,11,21,00",soccer,europe,champions-league
tWyvKUhT,https://www.betexplorer.com/soccer/spain/laliga2/lugo-las-palmas/tWyvKUhT/,"2022,10,11,21,00",soccer,spain,laliga2
EJpNNCg4,https://www.betexplorer.com/soccer/spain/laliga2/racing-santander-zaragoza/EJpNNCg4/,"2022,10,11,21,00",soccer,spain,laliga2
fcz5l03q,https://www.betexplorer.com/soccer/argentina/liga-profesional/sarmiento-junin-boca-juniors/fcz5l03q/,"2022,10,11,21,30",soccer,argentina,liga-profesional
88zDk4SA,https://www.betexplorer.com/soccer/paraguay/primera-division/tacuary-general-caballero-jlm/88zDk4SA/,"2022,10,11,22,00",soccer,paraguay,primera-division
zerhys5G,https://www.betexplorer.com/basketball/south-america/south-american-league/bauru-pichincha-potosi/zerhys5G/,"2022,10,11,0,00",basketball,south-america,south-american-league
lM012YsI,https://www.betexplorer.com/basketball/usa/nba/toronto-raptors-chicago-bulls/lM012YsI/,"2022,10,11,0,00",basketball,usa,nba
bHaAeYya,https://www.betexplorer.com/basketball/argentina/liga-a/atenas-boca-juniors/bHaAeYya/,"2022,10,11,1,00",basketball,argentina,liga-a
nFVfMUIE,https://www.betexplorer.com/basketball/usa/nba/san-antonio-spurs-new-orleans-pelicans/nFVfMUIE/,"2022,10,11,1,00",basketball,usa,nba
fHtN8cNJ,https://www.betexplorer.com/basketball/venezuela/superliga/centauros-trotamundos/fHtN8cNJ/,"2022,10,11,1,00",basketball,venezuela,superliga
4K12lYY4,https://www.betexplorer.com/basketball/world/club-friendly/oklahoma-city-thunder-maccabi-raanana/4K12lYY4/,"2022,10,11,1,00",basketball,world,club-friendly
bZQSbJa5,https://www.betexplorer.com/basketball/colombia/lbp/bucaros-caribbean-storm-islands/bZQSbJa5/,"2022,10,11,1,10",basketball,colombia,lbp
ncxPP3P6,https://www.betexplorer.com/basketball/usa/nba/golden-state-warriors-los-angeles-lakers/ncxPP3P6/,"2022,10,11,2,30",basketball,usa,nba
Yu1ez1KM,https://www.betexplorer.com/basketball/south-america/south-american-league/obera-tc-regatas/Yu1ez1KM/,"2022,10,11,3,00",basketball,south-america,south-american-league
WS0xNMQM,https://www.betexplorer.com/basketball/usa/nba/sacramento-kings-portland-trail-blazers/WS0xNMQM/,"2022,10,11,3,00",basketball,usa,nba
rPi3wNg6,https://www.betexplorer.com/basketball/usa/nba/los-angeles-clippers-minnesota-timberwolves/rPi3wNg6/,"2022,10,11,4,30",basketball,usa,nba
UPTa95fA,https://www.betexplorer.com/basketball/china/cba/shenzhen-shandong/UPTa95fA/,"2022,10,11,10,00",basketball,china,cba
0tvUm0Tn,https://www.betexplorer.com/basketball/australia/nbl/cairns-taipans-perth/0tvUm0Tn/,"2022,10,11,10,30",basketball,australia,nbl
OnT38P9G,https://www.betexplorer.com/basketball/china/cba/liaoning-zhejiang-guangsha/OnT38P9G/,"2022,10,11,13,35",basketball,china,cba
jPcyUm9e,https://www.betexplorer.com/basketball/iran/super-league/kalleh-palayesh-naft-abadan/jPcyUm9e/,"2022,10,11,14,30",basketball,iran,super-league
bk1qSRw8,https://www.betexplorer.com/basketball/iran/super-league/shahrdari-gorgan-mahram-tehran/bk1qSRw8/,"2022,10,11,14,30",basketball,iran,super-league
U99SV9vq,https://www.betexplorer.com/basketball/iran/super-league/zob-ahan-mes-kerman/U99SV9vq/,"2022,10,11,14,30",basketball,iran,super-league
4GcCnjeT,https://www.betexplorer.com/basketball/saudi-arabia/premier-league/al-fateh-al-ansar/4GcCnjeT/,"2022,10,11,15,00",basketball,saudi-arabia,premier-league
jDg8mWuN,https://www.betexplorer.com/basketball/saudi-arabia/premier-league/al-ittihad-al-hilal/jDg8mWuN/,"2022,10,11,15,00",basketball,saudi-arabia,premier-league
0O0ejYe4,https://www.betexplorer.com/basketball/saudi-arabia/premier-league/al-taawon-al-ahli/0O0ejYe4/,"2022,10,11,15,00",basketball,saudi-arabia,premier-league
djf4lCQG,https://www.betexplorer.com/basketball/saudi-arabia/premier-league/dbae-al-adalh/djf4lCQG/,"2022,10,11,15,00",basketball,saudi-arabia,premier-league
GzealePS,https://www.betexplorer.com/basketball/turkey/tbl/fenerbahce-yalovaspor-bk/GzealePS/,"2022,10,11,15,00",basketball,turkey,tbl
A9zS2Wpi,https://www.betexplorer.com/basketball/europe/aba-league/mzt-skopje-aerodrom-partizan/A9zS2Wpi/,"2022,10,11,16,00",basketball,europe,aba-league
0KA5nwRt,https://www.betexplorer.com/basketball/lithuania/lkl/pieno-zvaigzdes-jonava/0KA5nwRt/,"2022,10,11,17,00",basketball,lithuania,lkl
bcyWRaAP,https://www.betexplorer.com/basketball/romania/divizia-a/miercurea-ciuc-csu-sibiu/bcyWRaAP/,"2022,10,11,17,00",basketball,romania,divizia-a
vB99octm,https://www.betexplorer.com/basketball/lithuania/lkl/bc-rytas-nevezis/vB99octm/,"2022,10,11,17,30",basketball,lithuania,lkl
dn4EpHeg,https://www.betexplorer.com/basketball/lithuania/lkl/siauliai-prienai/dn4EpHeg/,"2022,10,11,17,50",basketball,lithuania,lkl
IoA6Pf6o,https://www.betexplorer.com/basketball/bulgaria/nbl/beroe-academic-plovdiv/IoA6Pf6o/,"2022,10,11,18,00",basketball,bulgaria,nbl
fJR2IwaI,https://www.betexplorer.com/basketball/bulgaria/nbl/cska-sofia-spartak-pleven/fJR2IwaI/,"2022,10,11,18,00",basketball,bulgaria,nbl
l0ZV1j0c,https://www.betexplorer.com/basketball/europe/aba-league/crvena-zvezda-mts-buducnost/l0ZV1j0c/,"2022,10,11,18,00",basketball,europe,aba-league
j7OLWhR7,https://www.betexplorer.com/basketball/turkey/super-lig/buyukcekmece-fenerbahce/j7OLWhR7/,"2022,10,11,18,00",basketball,turkey,super-lig
vVB9vo27,https://www.betexplorer.com/basketball/greece/basket-league/apollon-patras-olympiacos-piraeus/vVB9vo27/,"2022,10,11,18,15",basketball,greece,basket-league
8EPWD9qn,https://www.betexplorer.com/basketball/hungary/nb-i-a-women/fcsm-csata-pinkk-pecsi-424/8EPWD9qn/,"2022,10,11,18,30",basketball,hungary,nb-i-a-women
dhcm3GXO,https://www.betexplorer.com/basketball/romania/divizia-a/rapid-bucuresti-petrolul-ploiesti/dhcm3GXO/,"2022,10,11,18,45",basketball,romania,divizia-a
jksHGAUS,https://www.betexplorer.com/basketball/sweden/basketligan/kfum-umea-boras/jksHGAUS/,"2022,10,11,19,04",basketball,sweden,basketligan
2Xx3eDiT,https://www.betexplorer.com/basketball/spain/liga-femenina-women/gernika-bizkaia-leganes/2Xx3eDiT/,"2022,10,11,20,00",basketball,spain,liga-femenina-women
4E2GQaJo,https://www.betexplorer.com/basketball/argentina/liga-a/argentino-comunicaciones-mercedes/4E2GQaJo/,"2022,10,11,0,30",basketball,argentina,liga-a
EL3zofVC,https://www.betexplorer.com/basketball/venezuela/superliga/guaiqueries-cocodrilos/EL3zofVC/,"2022,10,11,1,00",basketball,venezuela,superliga
vk0IOW5o,https://www.betexplorer.com/basketball/argentina/liga-a/la-union-instituto-de-cordoba/vk0IOW5o/,"2022,10,11,2,30",basketball,argentina,liga-a
vyLqAXjh,https://www.betexplorer.com/basketball/argentina/liga-a/quimsa-ferro-carril-oeste/vyLqAXjh/,"2022,10,11,2,30",basketball,argentina,liga-a
fcfnKAUc,https://www.betexplorer.com/basketball/finland/korisliiga/salon-vilpas-pyrinto-tampere/fcfnKAUc/,"2022,10,11,17,30",basketball,finland,korisliiga
fHxmBlhj,https://www.betexplorer.com/basketball/sweden/basketligan/kfum-nassjo-norrkoping-dolphins/fHxmBlhj/,"2022,10,11,19,04",basketball,sweden,basketligan
Mynkm3xi,https://www.betexplorer.com/basketball/spain/leb-oro/oviedo-caceres/Mynkm3xi/,"2022,10,11,20,30",basketball,spain,leb-oro
Wrwi8BL4,https://www.betexplorer.com/basketball/argentina/liga-a/riachuelo-obras-sanitarias/Wrwi8BL4/,"2022,10,11,2,30",basketball,argentina,liga-a
lUGWr8wq,https://www.betexplorer.com/hockey/canada/whl/saskatoon-blades-moose-jaw-warriors/lUGWr8wq/,"2022,10,11,0,00",hockey,canada,whl
EiYLWYOa,https://www.betexplorer.com/hockey/canada/whl/spokane-chiefs-portland-winterhawks/EiYLWYOa/,"2022,10,11,2,05",hockey,canada,whl
naRWhep9,https://www.betexplorer.com/hockey/russia/mhl/amurskie-tigry-mhl-sakhalinskie-akuly-mhl/naRWhep9/,"2022,10,11,5,00",hockey,russia,mhl
EP9pJFg0,https://www.betexplorer.com/hockey/russia/vhl/chelmet-chelyabinsk-zvezda-moscow/EP9pJFg0/,"2022,10,11,10,00",hockey,russia,vhl
t6Ym7i3B,https://www.betexplorer.com/hockey/russia/khl/amur-khabarovsk-cska-moscow/t6Ym7i3B/,"2022,10,11,11,00",hockey,russia,khl
UNGyhFaF,https://www.betexplorer.com/hockey/russia/mhl/tayfun-mhl-mikhaylov-academy/UNGyhFaF/,"2022,10,11,11,00",hockey,russia,mhl
dWXyPtkF,https://www.betexplorer.com/hockey/russia/nmhl/yunison-moscow-nmhl-tverichi-mhl/dWXyPtkF/,"2022,10,11,12,00",hockey,russia,nmhl
GIRp6XFN,https://www.betexplorer.com/hockey/kazakhstan/championship/kazzinc-torpedo-snezhnye-barsy-mhl/GIRp6XFN/,"2022,10,11,14,30",hockey,kazakhstan,championship
YgMk5iVT,https://www.betexplorer.com/hockey/kazakhstan/championship/pavlodar-arlan-kokshetau/YgMk5iVT/,"2022,10,11,15,00",hockey,kazakhstan,championship
8EFuiZEL,https://www.betexplorer.com/hockey/russia/mhl/ladya-togliatti-mhl-sarmaty-orenburzhya-mhl/8EFuiZEL/,"2022,10,11,15,00",hockey,russia,mhl
W0KuKevf,https://www.betexplorer.com/hockey/russia/vhl/orsk-akm-vhl/W0KuKevf/,"2022,10,11,15,30",hockey,russia,vhl
OUNh6BIH,https://www.betexplorer.com/hockey/russia/khl/metallurg-magnitogorsk-dynamo-moscow/OUNh6BIH/,"2022,10,11,16,00",hockey,russia,khl
MLeGpXik,https://www.betexplorer.com/hockey/russia/mhl/chaika-mhl-belye-medvedi-mhl/MLeGpXik/,"2022,10,11,16,00",hockey,russia,mhl
vc6BoDxq,https://www.betexplorer.com/hockey/russia/mhl/mamonty-yugry-mhl-sputnik-almetievsk/vc6BoDxq/,"2022,10,11,16,00",hockey,russia,mhl
8E9Rd39J,https://www.betexplorer.com/hockey/czech-republic/chance-liga/jihlava-kolin/8E9Rd39J/,"2022,10,11,17,30",hockey,czech-republic,chance-liga
69VrYJWI,https://www.betexplorer.com/hockey/czech-republic/chance-liga/zlin-slavia-prague/69VrYJWI/,"2022,10,11,17,30",hockey,czech-republic,chance-liga
lOVlTtUe,https://www.betexplorer.com/hockey/hungary/erste-liga/brasov-deac-jegkorong-debrecen/lOVlTtUe/,"2022,10,11,17,30",hockey,hungary,erste-liga
2RZhS0q2,https://www.betexplorer.com/hockey/hungary/erste-liga/miercurea-ciuc-csikszereda-dunaujvarosi/2RZhS0q2/,"2022,10,11,17,30",hockey,hungary,erste-liga
4WDyipM2,https://www.betexplorer.com/hockey/hungary/erste-liga/gyergyoi-hk-dvtk/4WDyipM2/,"2022,10,11,17,30",hockey,hungary,erste-liga
hG8lIZ86,https://www.betexplorer.com/hockey/russia/vhl/mhc-khimik-sokol-krasnoyarsk-vhl/hG8lIZ86/,"2022,10,11,17,30",hockey,russia,vhl
xlKqjgUR,https://www.betexplorer.com/hockey/russia/mhl/loko-76-mhl-omskie-yastreby-mhl/xlKqjgUR/,"2022,10,11,17,30",hockey,russia,mhl
29YXPMZ8,https://www.betexplorer.com/hockey/russia/nmhl/mhc-lipetsk-mhl-sokol-kursk-nmhl/29YXPMZ8/,"2022,10,11,17,30",hockey,russia,nmhl
A5EOUkni,https://www.betexplorer.com/hockey/belarus/extraleague/yunost-minsk-novopolotsk/A5EOUkni/,"2022,10,11,17,55",hockey,belarus,extraleague
U9yx7nfp,https://www.betexplorer.com/hockey/belarus/extraleague/mogilev-brest/U9yx7nfp/,"2022,10,11,18,00",hockey,belarus,extraleague
80zt669j,https://www.betexplorer.com/hockey/belarus/extraleague/vitebsk-neman-grodno/80zt669j/,"2022,10,11,18,00",hockey,belarus,extraleague
hImX8EKk,https://www.betexplorer.com/hockey/czech-republic/chance-liga/poruba-pardubice/hImX8EKk/,"2022,10,11,18,00",hockey,czech-republic,chance-liga
Ima1j1nm,https://www.betexplorer.com/hockey/czech-republic/chance-liga/prostejov-litomerice/Ima1j1nm/,"2022,10,11,18,00",hockey,czech-republic,chance-liga
vc0cisXt,https://www.betexplorer.com/hockey/czech-republic/chance-liga/sokolov-trebic/vc0cisXt/,"2022,10,11,18,00",hockey,czech-republic,chance-liga
EFhAluHa,https://www.betexplorer.com/hockey/czech-republic/chance-liga/sumperk-frydek-mistek/EFhAluHa/,"2022,10,11,18,00",hockey,czech-republic,chance-liga
0t8hHgOC,https://www.betexplorer.com/hockey/russia/vhl/ryazan-yermak-angarsk/0t8hHgOC/,"2022,10,11,18,00",hockey,russia,vhl
YeNSgyV2,https://www.betexplorer.com/hockey/russia/mhl/akm-mhl-ska-guor-karelia-mhl/YeNSgyV2/,"2022,10,11,18,00",hockey,russia,mhl
l6UTQ2K2,https://www.betexplorer.com/hockey/russia/nmhl/dizelist-mhl-bobrov-mhl/l6UTQ2K2/,"2022,10,11,18,00",hockey,russia,nmhl
QX840eHb,https://www.betexplorer.com/hockey/canada/qmjhl/charlottetown-islanders-acadie-bathurst-titan/QX840eHb/,"2022,10,11,19,00",hockey,canada,qmjhl
I96gtKGA,https://www.betexplorer.com/hockey/denmark/metal-ligaen/herlev-odense-bulldogs/I96gtKGA/,"2022,10,11,19,00",hockey,denmark,metal-ligaen
nmcDbZoB,https://www.betexplorer.com/hockey/canada/qmjhl/gatineau-olympiques-shawinigan-cataractes/nmcDbZoB/,"2022,10,11,20,00",hockey,canada,qmjhl
8db9aFW4,https://www.betexplorer.com/hockey/canada/qmjhl/rimouski-oceanic-victoriaville-tigres/8db9aFW4/,"2022,10,11,20,00",hockey,canada,qmjhl
fDdHcg1H,https://www.betexplorer.com/hockey/canada/qmjhl/val-d-or-foreurs-rouyn-noranda-huskies/fDdHcg1H/,"2022,10,11,20,00",hockey,canada,qmjhl
pnqAnAgk,https://www.betexplorer.com/hockey/canada/ohl/windsor-spitfires-soo-greyhounds/pnqAnAgk/,"2022,10,11,20,05",hockey,canada,ohl
xhl30z9G,https://www.betexplorer.com/hockey/canada/whl/calgary-hitmen-brandon-wheat-kings/xhl30z9G/,"2022,10,11,21,00",hockey,canada,whl
AesCkseE,https://www.betexplorer.com/hockey/russia/mhl/molot-perm-mhl-krasnoyarskie-rysi-mhl/AesCkseE/,"2022,10,11,10,00",hockey,russia,mhl
ETDNrBM1,https://www.betexplorer.com/hockey/russia/mhl/tayfun-mhl-mikhaylov-academy/ETDNrBM1/,"2022,10,11,11,00",hockey,russia,mhl
8rBQo8DM,https://www.betexplorer.com/hockey/russia/mhl/ska-varyagi-mhl-dinamo-shinnik-mhl/8rBQo8DM/,"2022,10,11,12,00",hockey,russia,mhl
vB94OAVu,https://www.betexplorer.com/hockey/russia/vhl/toros-neftekamsk-rubin-tyumen/vB94OAVu/,"2022,10,11,14,00",hockey,russia,vhl
z5Rd5VXN,https://www.betexplorer.com/hockey/russia/khl/sibir-novosibirsk-vladivostok/z5Rd5VXN/,"2022,10,11,14,30",hockey,russia,khl
n54IyFVG,https://www.betexplorer.com/hockey/russia/khl/barys-astana-red-star-kunlun/n54IyFVG/,"2022,10,11,15,30",hockey,russia,khl
URQ04kmU,https://www.betexplorer.com/hockey/russia/khl/yekaterinburg-nizhny-novgorod/URQ04kmU/,"2022,10,11,16,00",hockey,russia,khl
vX6dGDwJ,https://www.betexplorer.com/hockey/russia/vhl/perm-hc-yugra/vX6dGDwJ/,"2022,10,11,16,00",hockey,russia,vhl
2i5uYEPt,https://www.betexplorer.com/hockey/russia/mhl/chaika-mhl-belye-medvedi-mhl/2i5uYEPt/,"2022,10,11,16,00",hockey,russia,mhl
W4r8jNu8,https://www.betexplorer.com/hockey/russia/mhl/mamonty-yugry-mhl-sputnik-almetievsk/W4r8jNu8/,"2022,10,11,16,00",hockey,russia,mhl
dbUARehc,https://www.betexplorer.com/hockey/europe/champions-league/trinec-davos/dbUARehc/,"2022,10,11,17,30",hockey,europe,champions-league
Qs0ERsYG,https://www.betexplorer.com/hockey/finland/mestis/fps-forssa-zemgale/Qs0ERsYG/,"2022,10,11,17,30",hockey,finland,mestis
Qk4rlMR4,https://www.betexplorer.com/hockey/finland/mestis/koovee-kiekko-espoo/Qk4rlMR4/,"2022,10,11,17,30",hockey,finland,mestis
hKCRsVy8,https://www.betexplorer.com/hockey/russia/mhl/loko-76-mhl-omskie-yastreby-mhl/hKCRsVy8/,"2022,10,11,17,30",hockey,russia,mhl
MuIST91c,https://www.betexplorer.com/hockey/belarus/extraleague/gomel-lokomotiv-orsha/MuIST91c/,"2022,10,11,18,00",hockey,belarus,extraleague
G2HWSTG3,https://www.betexplorer.com/hockey/belarus/extraleague/hk-lida-zhlobin/G2HWSTG3/,"2022,10,11,18,00",hockey,belarus,extraleague
fgGzSmW9,https://www.betexplorer.com/hockey/belarus/extraleague/soligorsk-dinamo-molodechno/fgGzSmW9/,"2022,10,11,18,00",hockey,belarus,extraleague
23u7SGLg,https://www.betexplorer.com/hockey/europe/champions-league/krakow-farjestad/23u7SGLg/,"2022,10,11,18,00",hockey,europe,champions-league
SOXqbEAo,https://www.betexplorer.com/hockey/europe/champions-league/tappara-munchen/SOXqbEAo/,"2022,10,11,18,00",hockey,europe,champions-league
0n75QPeO,https://www.betexplorer.com/hockey/hungary/erste-liga/ujpest-feha19/0n75QPeO/,"2022,10,11,18,00",hockey,hungary,erste-liga
WzDSa9eo,https://www.betexplorer.com/hockey/russia/khl/niznekamsk-tractor-chelyabinsk/WzDSa9eo/,"2022,10,11,18,00",hockey,russia,khl
K6EJqi7e,https://www.betexplorer.com/hockey/russia/mhl/ska-1946-mhl-krylya-sovetov/K6EJqi7e/,"2022,10,11,18,00",hockey,russia,mhl
QsAAEfdI,https://www.betexplorer.com/hockey/europe/champions-league/lulea-aalborg-pirates/QsAAEfdI/,"2022,10,11,18,05",hockey,europe,champions-league
UTgNzZpN,https://www.betexplorer.com/hockey/russia/khl/ska-st-petersburg-dinamo-minsk/UTgNzZpN/,"2022,10,11,18,30",hockey,russia,khl
ALr981ao,https://www.betexplorer.com/hockey/russia/khl/spartak-moscow-vityaz-balashikha/ALr981ao/,"2022,10,11,18,30",hockey,russia,khl
d05cuvWG,https://www.betexplorer.com/hockey/denmark/metal-ligaen/rodovre-mighty-bulls-herning-blue-fox/d05cuvWG/,"2022,10,11,19,00",hockey,denmark,metal-ligaen
tSHwTmC4,https://www.betexplorer.com/hockey/europe/champions-league/frolunda-grenoble/tSHwTmC4/,"2022,10,11,19,05",hockey,europe,champions-league
nmNNOgxG,https://www.betexplorer.com/hockey/europe/champions-league/skelleftea-belfast/nmNNOgxG/,"2022,10,11,19,05",hockey,europe,champions-league
EmGcCcz1,https://www.betexplorer.com/hockey/europe/alps-hockey-league/salzburg-unterland-cavaliers/EmGcCcz1/,"2022,10,11,19,15",hockey,europe,alps-hockey-league
YRN4gjPG,https://www.betexplorer.com/hockey/europe/champions-league/rapperswil-slovan-bratislava/YRN4gjPG/,"2022,10,11,19,30",hockey,europe,champions-league
pOztUZe5,https://www.betexplorer.com/hockey/europe/champions-league/sparta-prague-jukurit/pOztUZe5/,"2022,10,11,19,30",hockey,europe,champions-league
G6qBRzy0,https://www.betexplorer.com/hockey/europe/champions-league/straubing-tigers-villacher-sv/G6qBRzy0/,"2022,10,11,19,30",hockey,europe,champions-league
AFRZZJxi,https://www.betexplorer.com/hockey/switzerland/swiss-league/basel-la-chaux-de-fonds/AFRZZJxi/,"2022,10,11,19,45",hockey,switzerland,swiss-league
l6QwZwhc,https://www.betexplorer.com/hockey/switzerland/swiss-league/gck-lions-ticino-rockets/l6QwZwhc/,"2022,10,11,19,45",hockey,switzerland,swiss-league
UmWTgeHi,https://www.betexplorer.com/hockey/france/ligue-magnus/mulhouse-gap/UmWTgeHi/,"2022,10,11,20,00",hockey,france,ligue-magnus
xfqrWiPp,https://www.betexplorer.com/hockey/france/ligue-magnus/rouen-briancon/xfqrWiPp/,"2022,10,11,20,00",hockey,france,ligue-magnus
rTPsYc73,https://www.betexplorer.com/hockey/switzerland/swiss-league/sierre-langenthal/rTPsYc73/,"2022,10,11,20,00",hockey,switzerland,swiss-league
dWToXHM9,https://www.betexplorer.com/hockey/switzerland/swiss-league/thurgau-visp/dWToXHM9/,"2022,10,11,20,00",hockey,switzerland,swiss-league
veJjWyxG,https://www.betexplorer.com/hockey/switzerland/swiss-league/winterthur-olten/veJjWyxG/,"2022,10,11,20,00",hockey,switzerland,swiss-league
jcXPfy2o,https://www.betexplorer.com/hockey/france/ligue-magnus/bordeaux-chamonix-mont-blanc/jcXPfy2o/,"2022,10,11,20,15",hockey,france,ligue-magnus
nPQYhFWc,https://www.betexplorer.com/hockey/france/ligue-magnus/cergy-pontoise-anglet/nPQYhFWc/,"2022,10,11,20,30",hockey,france,ligue-magnus
8MVGnu81,https://www.betexplorer.com/hockey/europe/champions-league/zurich-rogle/8MVGnu81/,"2022,10,11,20,35",hockey,europe,champions-league
nZs4q7H2,https://www.betexplorer.com/hockey/usa/nhl/new-york-rangers-tampa-bay-lightning/nZs4q7H2/,"2022,10,11,1,30",hockey,usa,nhl
QPt8rRW8,https://www.betexplorer.com/hockey/usa/nhl/los-angeles-kings-vegas-golden-knights/QPt8rRW8/,"2022,10,11,4,00",hockey,usa,nhl
pzcdUWO5,https://www.betexplorer.com/hockey/russia/mhl/kuznetskie-medvedi-mhl-stalnye-lisy-mhl/pzcdUWO5/,"2022,10,11,12,00",hockey,russia,mhl
25AUpSSS,https://www.betexplorer.com/hockey/russia/mhl/ska-varyagi-mhl-dinamo-shinnik-mhl/25AUpSSS/,"2022,10,11,12,00",hockey,russia,mhl
6ko5SAgI,https://www.betexplorer.com/hockey/russia/mhl/sibirskie-snaipery-mhl-tolpar-mhl/6ko5SAgI/,"2022,10,11,13,30",hockey,russia,mhl
lCsD7LEi,https://www.betexplorer.com/hockey/russia/khl/metallurg-magnitogorsk-bars-kazan/lCsD7LEi/,"2022,10,11,16,00",hockey,russia,khl
Gf9qXYvm,https://www.betexplorer.com/hockey/russia/mhl/almaz-mhl-russkie-vityazi-mhl/Gf9qXYvm/,"2022,10,11,16,00",hockey,russia,mhl
OQe0TjvC,https://www.betexplorer.com/hockey/russia/mhl/molot-perm-mhl-krasnoyarskie-rysi-mhl/OQe0TjvC/,"2022,10,11,16,00",hockey,russia,mhl
A1MsS7RA,https://www.betexplorer.com/hockey/europe/champions-league/mountfield-hk-eisbaren-berlin/A1MsS7RA/,"2022,10,11,17,30",hockey,europe,champions-league
bJblWhfg,https://www.betexplorer.com/hockey/russia/mhl/loko-mhl-mhc-spartak-mhl/bJblWhfg/,"2022,10,11,17,30",hockey,russia,mhl
vmRCmLhe,https://www.betexplorer.com/hockey/europe/champions-league/fehervar-av19-gks-katowice/vmRCmLhe/,"2022,10,11,18,00",hockey,europe,champions-league
4S76petn,https://www.betexplorer.com/hockey/europe/champions-league/grizzly-wolfsburg-tps-turku/4S76petn/,"2022,10,11,18,00",hockey,europe,champions-league
xAchVC9a,https://www.betexplorer.com/hockey/russia/mhl/ska-1946-mhl-krylya-sovetov/xAchVC9a/,"2022,10,11,18,00",hockey,russia,mhl
6yQSEcif,https://www.betexplorer.com/hockey/europe/champions-league/stavanger-ilves-tampere/6yQSEcif/,"2022,10,11,18,30",hockey,europe,champions-league
rZtH6uUc,https://www.betexplorer.com/hockey/russia/khl/dynamo-moscow-severstal-cherepovets/rZtH6uUc/,"2022,10,11,18,30",hockey,russia,khl
AyBQlRST,https://www.betexplorer.com/hockey/sweden/hockeyallsvenskan/almtuna-aik/AyBQlRST/,"2022,10,11,19,00",hockey,sweden,hockeyallsvenskan
SCLLk7DN,https://www.betexplorer.com/hockey/sweden/hockeyallsvenskan/djurgarden-vastervik/SCLLk7DN/,"2022,10,11,19,00",hockey,sweden,hockeyallsvenskan
KnIDiTrB,https://www.betexplorer.com/hockey/sweden/hockeyallsvenskan/modo-tingsryd/KnIDiTrB/,"2022,10,11,19,00",hockey,sweden,hockeyallsvenskan
tdJ9h9T4,https://www.betexplorer.com/hockey/sweden/hockeyallsvenskan/ostersund-kristianstad/tdJ9h9T4/,"2022,10,11,19,00",hockey,sweden,hockeyallsvenskan
E9HHjmbH,https://www.betexplorer.com/hockey/sweden/hockeyallsvenskan/sodertalje-mora/E9HHjmbH/,"2022,10,11,19,00",hockey,sweden,hockeyallsvenskan
Cpchpoyo,https://www.betexplorer.com/hockey/sweden/hockeyallsvenskan/vita-hasten-bjorkloven/Cpchpoyo/,"2022,10,11,19,00",hockey,sweden,hockeyallsvenskan
zmnpNLqE,https://www.betexplorer.com/hockey/europe/champions-league/fribourg-salzburg/zmnpNLqE/,"2022,10,11,19,45",hockey,europe,champions-league
jP32oyRu,https://www.betexplorer.com/hockey/europe/champions-league/zug-hk-olimpija/jP32oyRu/,"2022,10,11,19,45",hockey,europe,champions-league
lbCfWp03,https://www.betexplorer.com/tennis/challenger-men-singles/fairfield/jaziri-malek-farren-connor/lbCfWp03/,"2022,10,11,0,45",tennis,challenger-men-singles,fairfield
A7DjXQpc,https://www.betexplorer.com/tennis/challenger-men-singles/fairfield/leshem-edan-kypson-patrick/A7DjXQpc/,"2022,10,11,0,45",tennis,challenger-men-singles,fairfield
faV39Nhj,https://www.betexplorer.com/tennis/challenger-men-singles/fairfield/blumberg-william-ayeni-alafia/faV39Nhj/,"2022,10,11,0,55",tennis,challenger-men-singles,fairfield
W04Ly5m3,https://www.betexplorer.com/tennis/challenger-men-singles/seoul/kovacevic-aleksandar-de-loore-joris/W04Ly5m3/,"2022,10,11,3,30",tennis,challenger-men-singles,seoul
KA67gzEC,https://www.betexplorer.com/tennis/challenger-men-singles/seoul/mansouri-skander-mochizuki-shintaro/KA67gzEC/,"2022,10,11,3,30",tennis,challenger-men-singles,seoul
djpPBHTt,https://www.betexplorer.com/tennis/challenger-men-singles/seoul/moriya-hiroki-shimabukuro-sho/djpPBHTt/,"2022,10,11,3,30",tennis,challenger-men-singles,seoul
MBCr67bB,https://www.betexplorer.com/tennis/challenger-men-singles/seoul/medjedovic-hamad-neuchrist-maximilian/MBCr67bB/,"2022,10,11,5,00",tennis,challenger-men-singles,seoul
fwjPIprH,https://www.betexplorer.com/tennis/challenger-men-singles/seoul/purcell-max-nakagawa-naoki/fwjPIprH/,"2022,10,11,5,00",tennis,challenger-men-singles,seoul
pz93QKxc,https://www.betexplorer.com/tennis/challenger-men-singles/seoul/tu-li-mukund-sasi-kumar/pz93QKxc/,"2022,10,11,5,00",tennis,challenger-men-singles,seoul
OEBQG6ws,https://www.betexplorer.com/tennis/challenger-men-singles/seoul/albot-radu-wu-yibing/OEBQG6ws/,"2022,10,11,6,30",tennis,challenger-men-singles,seoul
tzI70og0,https://www.betexplorer.com/tennis/challenger-men-singles/seoul/o-connell-christopher-peniston-ryan/tzI70og0/,"2022,10,11,6,30",tennis,challenger-men-singles,seoul
KKTb27Om,https://www.betexplorer.com/tennis/challenger-men-singles/seoul/stebe-cedrik-marcel-vukic-aleksandar/KKTb27Om/,"2022,10,11,6,30",tennis,challenger-men-singles,seoul
l0LFbPNC,https://www.betexplorer.com/tennis/challenger-men-singles/seoul/kim-cheong-eui-johnson-steve/l0LFbPNC/,"2022,10,11,8,00",tennis,challenger-men-singles,seoul
v5IwFl2G,https://www.betexplorer.com/tennis/challenger-men-singles/st-tropez/bourgue-mathias-atmane-terence/v5IwFl2G/,"2022,10,11,9,30",tennis,challenger-men-singles,st-tropez
nBu5V9nc,https://www.betexplorer.com/tennis/challenger-men-singles/st-tropez/hemery-calvin-royer-valentin/nBu5V9nc/,"2022,10,11,9,30",tennis,challenger-men-singles,st-tropez
W2cI76fj,https://www.betexplorer.com/tennis/challenger-men-singles/st-tropez/ionel-nicholas-david-erhard-mathys/W2cI76fj/,"2022,10,11,9,30",tennis,challenger-men-singles,st-tropez
xtfYTlKS,https://www.betexplorer.com/tennis/itf-men-singles/m25-santa-margherita-di-pula-10/baldi-filippo-cretu-cezar/xtfYTlKS/,"2022,10,11,10,00",tennis,itf-men-singles,m25-santa-margherita-di-pula-10
lp7sLgyb,https://www.betexplorer.com/tennis/itf-men-singles/m25-santa-margherita-di-pula-10/gimeno-valero-carlos-miceli-marco/lp7sLgyb/,"2022,10,11,10,00",tennis,itf-men-singles,m25-santa-margherita-di-pula-10
vFPjbWTp,https://www.betexplorer.com/tennis/itf-men-singles/m25-santa-margherita-di-pula-10/michalski-daniel-niccolo-ciavarella/vFPjbWTp/,"2022,10,11,10,00",tennis,itf-men-singles,m25-santa-margherita-di-pula-10
vkt0P8Sq,https://www.betexplorer.com/tennis/itf-men-singles/m25-santa-margherita-di-pula-10/ocleppo-julian-chepelev-andrey/vkt0P8Sq/,"2022,10,11,10,00",tennis,itf-men-singles,m25-santa-margherita-di-pula-10
GW8ZMF6o,https://www.betexplorer.com/tennis/itf-men-singles/m25-santa-margherita-di-pula-10/piraino-gabriele-forti-francesco/GW8ZMF6o/,"2022,10,11,10,00",tennis,itf-men-singles,m25-santa-margherita-di-pula-10
fH4TUU4M,https://www.betexplorer.com/tennis/itf-men-singles/m25-santa-margherita-di-pula-10/potenza-luca-arnaboldi-federico/fH4TUU4M/,"2022,10,11,10,00",tennis,itf-men-singles,m25-santa-margherita-di-pula-10
nVPpKDj4,https://www.betexplorer.com/tennis/itf-men-singles/m25-santa-margherita-di-pula-10/tabacco-fausto-sorrentino-luigi/nVPpKDj4/,"2022,10,11,10,00",tennis,itf-men-singles,m25-santa-margherita-di-pula-10
I3ssjSAc,https://www.betexplorer.com/tennis/atp-singles/florence/karatsev-aslan-griekspoor-tallon/I3ssjSAc/,"2022,10,11,11,00",tennis,atp-singles,florence
KCPS6lbc,https://www.betexplorer.com/tennis/wta-singles/cluj-napoca/gracheva-varvara-bonaventure-ysaline/KCPS6lbc/,"2022,10,11,11,00",tennis,wta-singles,cluj-napoca
vVkViLXN,https://www.betexplorer.com/tennis/wta-doubles/cluj-napoca/rakhimova-kamilla-sizikova-yana-bara-irina-gorgodze-ekaterine/vVkViLXN/,"2022,10,11,11,00",tennis,wta-doubles,cluj-napoca
Q1v9UT13,https://www.betexplorer.com/tennis/challenger-men-singles/st-tropez/bertrand-robin-blanchet-ugo/Q1v9UT13/,"2022,10,11,11,00",tennis,challenger-men-singles,st-tropez
8pWPQo1S,https://www.betexplorer.com/tennis/challenger-men-singles/st-tropez/arthur-fils-chazal-maxime/8pWPQo1S/,"2022,10,11,11,00",tennis,challenger-men-singles,st-tropez
fsSLRRoM,https://www.betexplorer.com/tennis/challenger-men-singles/st-tropez/tabur-clement-tepmahc-nicolas/fsSLRRoM/,"2022,10,11,11,00",tennis,challenger-men-singles,st-tropez
nRT1L1mG,https://www.betexplorer.com/tennis/atp-doubles/florence/koolhof-wesley-skupski-neal-mahut-nicolas-roger-vasselin-edouard/nRT1L1mG/,"2022,10,11,12,00",tennis,atp-doubles,florence
jckeSOIj,https://www.betexplorer.com/tennis/atp-singles/florence/galan-daniel-elahi-carballes-baena-roberto/jckeSOIj/,"2022,10,11,12,30",tennis,atp-singles,florence
tMQO7Uri,https://www.betexplorer.com/tennis/wta-singles/cluj-napoca/korpatsch-tamara-yastremska-dayana/tMQO7Uri/,"2022,10,11,12,30",tennis,wta-singles,cluj-napoca
xlKX58D3,https://www.betexplorer.com/tennis/wta-singles/cluj-napoca/zakharova-anastasia-blinkova-anna/xlKX58D3/,"2022,10,11,12,30",tennis,wta-singles,cluj-napoca
OQ77Pvh3,https://www.betexplorer.com/tennis/challenger-men-singles/ismaning/setkic-aldin-lenz-julian/OQ77Pvh3/,"2022,10,11,12,30",tennis,challenger-men-singles,ismaning
YRwDTmH9,https://www.betexplorer.com/tennis/challenger-men-singles/st-tropez/alimli-mikail-diez-steven/YRwDTmH9/,"2022,10,11,12,30",tennis,challenger-men-singles,st-tropez
zXBnDSWS,https://www.betexplorer.com/tennis/challenger-men-singles/st-tropez/bellucci-mattia-aubriot-alexandre/zXBnDSWS/,"2022,10,11,12,30",tennis,challenger-men-singles,st-tropez
xtbE8nup,https://www.betexplorer.com/tennis/challenger-men-singles/st-tropez/benchetrit-elliot-moroni-gian-marco/xtbE8nup/,"2022,10,11,12,30",tennis,challenger-men-singles,st-tropez
x4YXHdH4,https://www.betexplorer.com/tennis/atp-singles/gijon/bonzi-benjamin-monteiro-thiago/x4YXHdH4/,"2022,10,11,13,00",tennis,atp-singles,gijon
E9ur6Pr5,https://www.betexplorer.com/tennis/atp-doubles/gijon/giron-marcos-reese-hunter-lammons-nathaniel-withrow-jackson/E9ur6Pr5/,"2022,10,11,13,00",tennis,atp-doubles,gijon
6ubIfNm5,https://www.betexplorer.com/tennis/challenger-men-singles/ismaning/harris-billy-krumich-martin/6ubIfNm5/,"2022,10,11,13,00",tennis,challenger-men-singles,ismaning
p29xFaQq,https://www.betexplorer.com/tennis/atp-doubles/florence/golubev-andrey-mclachlan-ben-sonego-lorenzo-vavassori-andrea/p29xFaQq/,"2022,10,11,13,30",tennis,atp-doubles,florence
40H7yTe4,https://www.betexplorer.com/tennis/atp-singles/florence/wolf-jeffrey-john-maestrelli-francesco/40H7yTe4/,"2022,10,11,14,00",tennis,atp-singles,florence
A1Iu4nrG,https://www.betexplorer.com/tennis/wta-singles/cluj-napoca/bondar-anna-avanesyan-elina/A1Iu4nrG/,"2022,10,11,14,00",tennis,wta-singles,cluj-napoca
YikZjumU,https://www.betexplorer.com/tennis/wta-doubles/cluj-napoca/cristian-jaqueline-ruse-elena-gabriela-dart-harriet-niculescu-monica/YikZjumU/,"2022,10,11,14,00",tennis,wta-doubles,cluj-napoca
dAhLqId1,https://www.betexplorer.com/tennis/challenger-men-singles/ismaning/basic-mirza-bachinger-matthias/dAhLqId1/,"2022,10,11,14,00",tennis,challenger-men-singles,ismaning
CIxHS7WF,https://www.betexplorer.com/tennis/challenger-men-singles/st-tropez/andreev-adrian-cuevas-martin/CIxHS7WF/,"2022,10,11,14,00",tennis,challenger-men-singles,st-tropez
IeHsE8HM,https://www.betexplorer.com/tennis/challenger-men-singles/st-tropez/caruso-salvatore-scaglia-mathieu/IeHsE8HM/,"2022,10,11,14,00",tennis,challenger-men-singles,st-tropez
p61M6Q9d,https://www.betexplorer.com/tennis/challenger-men-singles/st-tropez/jacquet-kyrian-gaio-federico/p61M6Q9d/,"2022,10,11,14,00",tennis,challenger-men-singles,st-tropez
txuPJInh,https://www.betexplorer.com/tennis/atp-singles/gijon/baez-sebastian-lestienne-constant/txuPJInh/,"2022,10,11,14,30",tennis,atp-singles,gijon
8dAs8oEh,https://www.betexplorer.com/tennis/atp-doubles/gijon/martos-gornes-sergio-munar-jaume-bolelli-simone-fognini-fabio/8dAs8oEh/,"2022,10,11,14,30",tennis,atp-doubles,gijon
SzlHpbse,https://www.betexplorer.com/tennis/challenger-men-singles/ismaning/ejupovic-elmar-rosenkranz-mats/SzlHpbse/,"2022,10,11,14,30",tennis,challenger-men-singles,ismaning
IRu7mKW8,https://www.betexplorer.com/tennis/wta-singles/cluj-napoca/bogdan-ana-niemeier-jule/IRu7mKW8/,"2022,10,11,15,30",tennis,wta-singles,cluj-napoca
SfnRh1IH,https://www.betexplorer.com/tennis/wta-doubles/cluj-napoca/golubic-viktorija-han-xin-yun-dzalamidze-natela-panova-alexandra/SfnRh1IH/,"2022,10,11,15,30",tennis,wta-doubles,cluj-napoca
nm9o75Tb,https://www.betexplorer.com/tennis/atp-doubles/gijon/cachin-pedro-cerundolo-francisco-cabral-francisco-murray-jamie/nm9o75Tb/,"2022,10,11,16,00",tennis,atp-doubles,gijon
zmnlXbnS,https://www.betexplorer.com/tennis/wta-singles/cluj-napoca/paolini-jasmine-kostyuk-marta/zmnlXbnS/,"2022,10,11,17,00",tennis,wta-singles,cluj-napoca
8lOCGnLU,https://www.betexplorer.com/tennis/atp-singles/gijon/thiem-dominic-sousa-joao/8lOCGnLU/,"2022,10,11,17,30",tennis,atp-singles,gijon
EiUU5V6C,https://www.betexplorer.com/tennis/challenger-men-singles/ismaning/gray-alastair-horansky-filip/EiUU5V6C/,"2022,10,11,17,30",tennis,challenger-men-singles,ismaning
OSGs2xbF,https://www.betexplorer.com/tennis/challenger-men-singles/rio-de-janeiro/hanfmann-yannick-reis-da-silva-joao-lucas/OSGs2xbF/,"2022,10,11,18,30",tennis,challenger-men-singles,rio-de-janeiro
QgxOs8C0,https://www.betexplorer.com/tennis/challenger-men-singles/rio-de-janeiro/muller-alexandre-rodriguez-taverna-santiago/QgxOs8C0/,"2022,10,11,18,30",tennis,challenger-men-singles,rio-de-janeiro
zuxHLvIu,https://www.betexplorer.com/tennis/atp-singles/gijon/landaluce-martin-paul-tommy/zuxHLvIu/,"2022,10,11,19,00",tennis,atp-singles,gijon
WnJawkRi,https://www.betexplorer.com/tennis/wta-singles/san-diego/andreescu-bianca-samsonova-liudmila/WnJawkRi/,"2022,10,11,19,00",tennis,wta-singles,san-diego
8SzcOH6e,https://www.betexplorer.com/tennis/wta-singles/san-diego/fernandez-leylah-annie-kasatkina-daria/8SzcOH6e/,"2022,10,11,19,00",tennis,wta-singles,san-diego
UyxgPcik,https://www.betexplorer.com/tennis/wta-singles/san-diego/garcia-caroline-collins-danielle/UyxgPcik/,"2022,10,11,19,00",tennis,wta-singles,san-diego
2kz1NyM1,https://www.betexplorer.com/tennis/wta-singles/san-diego/kudermetova-veronika-stephens-sloane/2kz1NyM1/,"2022,10,11,19,00",tennis,wta-singles,san-diego
C0cSs67G,https://www.betexplorer.com/tennis/wta-singles/san-diego/rybakina-elena-muguruza-garbine/C0cSs67G/,"2022,10,11,19,00",tennis,wta-singles,san-diego
lQKeQwxq,https://www.betexplorer.com/tennis/wta-singles/san-diego/vandeweghe-coco-kenin-sofia/lQKeQwxq/,"2022,10,11,19,00",tennis,wta-singles,san-diego
W2Vn9Eb7,https://www.betexplorer.com/tennis/challenger-men-singles/fairfield/diallo-gabriel-riedi-leandro/W2Vn9Eb7/,"2022,10,11,19,00",tennis,challenger-men-singles,fairfield
lvtrAfq1,https://www.betexplorer.com/tennis/challenger-men-singles/fairfield/jubb-paul-mmoh-michael/lvtrAfq1/,"2022,10,11,19,00",tennis,challenger-men-singles,fairfield
fyHsVeLQ,https://www.betexplorer.com/tennis/challenger-men-singles/fairfield/krueger-mitchell-galarneau-alexis/fyHsVeLQ/,"2022,10,11,19,00",tennis,challenger-men-singles,fairfield
xMTWCdar,https://www.betexplorer.com/tennis/challenger-men-singles/fairfield/kudla-denis-pervolarakis-michail/xMTWCdar/,"2022,10,11,19,00",tennis,challenger-men-singles,fairfield
p6Zj8YDD,https://www.betexplorer.com/tennis/challenger-men-singles/fairfield/oradini-giovanni-escobedo-ernesto/p6Zj8YDD/,"2022,10,11,19,00",tennis,challenger-men-singles,fairfield
dOF2UOUF,https://www.betexplorer.com/tennis/challenger-men-singles/fairfield/quiroz-roberto-couacaud-enzo/dOF2UOUF/,"2022,10,11,19,00",tennis,challenger-men-singles,fairfield
rLBbV4F9,https://www.betexplorer.com/tennis/challenger-men-singles/fairfield/shang-juncheng-broom-charles/rLBbV4F9/,"2022,10,11,19,00",tennis,challenger-men-singles,fairfield
x0MxWy6K,https://www.betexplorer.com/tennis/challenger-men-singles/fairfield/vacherot-valentin-fearnley-jacob/x0MxWy6K/,"2022,10,11,19,00",tennis,challenger-men-singles,fairfield
GCSzCGEl,https://www.betexplorer.com/tennis/challenger-men-singles/fairfield/zhu-evan-lock-benjamin/GCSzCGEl/,"2022,10,11,19,00",tennis,challenger-men-singles,fairfield
SIxsqo6j,https://www.betexplorer.com/tennis/atp-singles/florence/zeppieri-giulio-celikbilek-altug/SIxsqo6j/,"2022,10,11,19,30",tennis,atp-singles,florence
jNCbuFj2,https://www.betexplorer.com/tennis/challenger-men-singles/rio-de-janeiro/tirante-thiago-agustin-cerundolo-juan-manuel/jNCbuFj2/,"2022,10,11,20,30",tennis,challenger-men-singles,rio-de-janeiro
8YeAl7rT,https://www.betexplorer.com/tennis/atp-singles/florence/cobolli-flavio-moutet-corentin/8YeAl7rT/,"2022,10,11,21,00",tennis,atp-singles,florence
6ZObLnVP,https://www.betexplorer.com/tennis/challenger-men-singles/seoul/chung-hong-piros-zsombor/6ZObLnVP/,"2022,10,11,4,00",tennis,challenger-men-singles,seoul
xIFUFQhm,https://www.betexplorer.com/tennis/challenger-men-singles/seoul/clarke-jay-majchrzak-kamil/xIFUFQhm/,"2022,10,11,4,00",tennis,challenger-men-singles,seoul
bBS21Rwf,https://www.betexplorer.com/tennis/challenger-men-singles/seoul/coppejans-kimmer-wu-tung-lin/bBS21Rwf/,"2022,10,11,4,00",tennis,challenger-men-singles,seoul
SjKJcqwJ,https://www.betexplorer.com/tennis/challenger-men-singles/seoul/eubanks-christopher-svrcina-dalibor/SjKJcqwJ/,"2022,10,11,4,00",tennis,challenger-men-singles,seoul
fwMBa586,https://www.betexplorer.com/tennis/challenger-men-singles/seoul/kim-jangjun-hijikata-rinky/fwMBa586/,"2022,10,11,4,00",tennis,challenger-men-singles,seoul
SrQfMSFJ,https://www.betexplorer.com/tennis/challenger-men-singles/seoul/marterer-maximilian-tseng-chun-hsin/SrQfMSFJ/,"2022,10,11,4,00",tennis,challenger-men-singles,seoul
vDrtkrWt,https://www.betexplorer.com/tennis/challenger-men-doubles/seoul/bhambri-yuki-myneni-saketh-shimabukuro-sho-watanabe-seita/vDrtkrWt/,"2022,10,11,4,00",tennis,challenger-men-doubles,seoul
SYENW0GC,https://www.betexplorer.com/tennis/challenger-men-doubles/seoul/coppejans-kimmer-de-loore-joris-hijikata-rinky-tu-li/SYENW0GC/,"2022,10,11,4,00",tennis,challenger-men-doubles,seoul
rscAf48J,https://www.betexplorer.com/tennis/challenger-men-doubles/seoul/gonzales-ruben-mansouri-skander-chung-yunseong-kovacevic-aleksandar/rscAf48J/,"2022,10,11,4,00",tennis,challenger-men-doubles,seoul
K8BFYMo0,https://www.betexplorer.com/tennis/challenger-men-doubles/seoul/jang-woo-hyeok-son-ji-hoon-polmans-marc-purcell-max/K8BFYMo0/,"2022,10,11,4,00",tennis,challenger-men-doubles,seoul
MXeEgONP,https://www.betexplorer.com/tennis/challenger-men-doubles/seoul/marterer-maximilian-neuchrist-maximilian-cho-se-hyuk-kim-jangjun/MXeEgONP/,"2022,10,11,4,00",tennis,challenger-men-doubles,seoul
jmnpl2om,https://www.betexplorer.com/tennis/challenger-men-doubles/seoul/matsui-toshihide-uesugi-kaito-eubanks-christopher-majchrzak-kamil/jmnpl2om/,"2022,10,11,4,00",tennis,challenger-men-doubles,seoul
YBFJXt16,https://www.betexplorer.com/tennis/challenger-men-doubles/seoul/smith-keegan-vukic-aleksandar-gengel-marek-svrcina-dalibor/YBFJXt16/,"2022,10,11,4,00",tennis,challenger-men-doubles,seoul
6PDRVKVI,https://www.betexplorer.com/tennis/challenger-men-doubles/seoul/uchida-kaichi-wu-tung-lin-galloway-robert-lawson-alex/6PDRVKVI/,"2022,10,11,4,00",tennis,challenger-men-doubles,seoul
CUlHQdPe,https://www.betexplorer.com/tennis/wta-singles/cluj-napoca/bouchard-eugenie-kalinina-anhelina/CUlHQdPe/,"2022,10,11,10,00",tennis,wta-singles,cluj-napoca
xGhuVBGs,https://www.betexplorer.com/tennis/wta-singles/cluj-napoca/bronzetti-lucia-dart-harriet/xGhuVBGs/,"2022,10,11,10,00",tennis,wta-singles,cluj-napoca
4Oy3l0H2,https://www.betexplorer.com/tennis/wta-singles/cluj-napoca/cristian-jaqueline-wang-xiyu/4Oy3l0H2/,"2022,10,11,10,00",tennis,wta-singles,cluj-napoca
GvJy5SS9,https://www.betexplorer.com/tennis/wta-singles/cluj-napoca/danilovic-olga-rakhimova-kamilla/GvJy5SS9/,"2022,10,11,10,00",tennis,wta-singles,cluj-napoca
jLmLPGv2,https://www.betexplorer.com/tennis/wta-singles/cluj-napoca/golubic-viktorija-parry-diane/jLmLPGv2/,"2022,10,11,10,00",tennis,wta-singles,cluj-napoca
WIXJRxAk,https://www.betexplorer.com/tennis/wta-singles/cluj-napoca/krejcikova-barbora-galfi-dalma/WIXJRxAk/,"2022,10,11,10,00",tennis,wta-singles,cluj-napoca
6kcqUVVm,https://www.betexplorer.com/tennis/wta-singles/cluj-napoca/li-ann-potapova-anastasia/6kcqUVVm/,"2022,10,11,10,00",tennis,wta-singles,cluj-napoca
ptdmTkof,https://www.betexplorer.com/tennis/wta-singles/cluj-napoca/linette-magda-wang-xinyu-2001/ptdmTkof/,"2022,10,11,10,00",tennis,wta-singles,cluj-napoca
hSYFSIfq,https://www.betexplorer.com/tennis/wta-singles/cluj-napoca/parrizas-diaz-nuria-bara-irina/hSYFSIfq/,"2022,10,11,10,00",tennis,wta-singles,cluj-napoca
0jVBnvnF,https://www.betexplorer.com/tennis/wta-singles/cluj-napoca/ruse-elena-gabriela-siegemund-laura/0jVBnvnF/,"2022,10,11,10,00",tennis,wta-singles,cluj-napoca
rgNAJuIS,https://www.betexplorer.com/tennis/atp-doubles/florence/carballes-baena-roberto-galan-daniel-elahi-barrientos-nicolas-reyes-varela-miguel-angel/rgNAJuIS/,"2022,10,11,10,00",tennis,atp-doubles,florence
QHS5KL2M,https://www.betexplorer.com/tennis/atp-doubles/florence/cobolli-flavio-zeppieri-giulio-dodig-ivan-krajicek-austin/QHS5KL2M/,"2022,10,11,10,00",tennis,atp-doubles,florence
h4jTyNXd,https://www.betexplorer.com/tennis/atp-doubles/florence/cressy-maxime-smith-john-patrick-berrettini-jacopo-berrettini-matteo/h4jTyNXd/,"2022,10,11,10,00",tennis,atp-doubles,florence
vLhuZKHF,https://www.betexplorer.com/tennis/atp-doubles/florence/ebden-matthew-peers-john-doumbia-sadio-reboul-fabien/vLhuZKHF/,"2022,10,11,10,00",tennis,atp-doubles,florence
vP8tEJuj,https://www.betexplorer.com/tennis/atp-doubles/florence/erler-alexander-miedler-lucas-mektic-nikola-pavic-mate/vP8tEJuj/,"2022,10,11,10,00",tennis,atp-doubles,florence
jaCpDwed,https://www.betexplorer.com/tennis/atp-doubles/florence/nedovyesov-aleksandr-oswald-philipp-brkic-tomislav-escobar-gonzalo/jaCpDwed/,"2022,10,11,10,00",tennis,atp-doubles,florence
h0vn5qbB,https://www.betexplorer.com/tennis/atp-doubles/gijon/arends-sander-pel-david-hidalgo-diego-rodriguez-cristian/h0vn5qbB/,"2022,10,11,10,00",tennis,atp-doubles,gijon
0W6Z97qt,https://www.betexplorer.com/tennis/atp-doubles/gijon/cacic-nikola-nys-hugo-klaasen-raven-melo-marcelo/0W6Z97qt/,"2022,10,11,10,00",tennis,atp-doubles,gijon
EZAw9Rbn,https://www.betexplorer.com/tennis/atp-doubles/gijon/gonzalez-maximo-molteni-andres-carreno-busta-pablo-sousa-joao/EZAw9Rbn/,"2022,10,11,10,00",tennis,atp-doubles,gijon
0Qsf3NSN,https://www.betexplorer.com/tennis/atp-doubles/gijon/granollers-marcel-zeballos-horacio-gille-sander-martin-fabrice/0Qsf3NSN/,"2022,10,11,10,00",tennis,atp-doubles,gijon
nNwj43DH,https://www.betexplorer.com/tennis/atp-doubles/gijon/matos-rafael-vega-hernandez-david-davidovich-fokina-alejandro-landaluce-martin/nNwj43DH/,"2022,10,11,10,00",tennis,atp-doubles,gijon
Eo7seiao,https://www.betexplorer.com/tennis/wta-doubles/cluj-napoca/bronzetti-lucia-paolini-jasmine-babos-timea-neel-ingrid/Eo7seiao/,"2022,10,11,10,00",tennis,wta-doubles,cluj-napoca
z1y1naeo,https://www.betexplorer.com/tennis/wta-doubles/cluj-napoca/detiuc-anastasia-voracova-renata-eikeri-ulrikke-mihalikova-tereza/z1y1naeo/,"2022,10,11,10,00",tennis,wta-doubles,cluj-napoca
pWdMgs3B,https://www.betexplorer.com/tennis/wta-doubles/cluj-napoca/flipkens-kirsten-siegemund-laura-barnett-alicia-nicholls-olivia/pWdMgs3B/,"2022,10,11,10,00",tennis,wta-doubles,cluj-napoca
na5kgVTc,https://www.betexplorer.com/tennis/wta-doubles/cluj-napoca/kalashnikova-oksana-kostyuk-marta-bondar-anna-galfi-dalma/na5kgVTc/,"2022,10,11,10,00",tennis,wta-doubles,cluj-napoca
hx6ofBEi,https://www.betexplorer.com/tennis/wta-doubles/cluj-napoca/kato-miyu-kulikov-angela-gabueva-angelina-zakharova-anastasia/hx6ofBEi/,"2022,10,11,10,00",tennis,wta-doubles,cluj-napoca
SzSI8XMg,https://www.betexplorer.com/tennis/challenger-men-singles/ismaning/florig-philip-pospisil-vasek/SzSI8XMg/,"2022,10,11,10,00",tennis,challenger-men-singles,ismaning
OMBLShEP,https://www.betexplorer.com/tennis/challenger-men-singles/ismaning/halys-quentin-geerts-michael/OMBLShEP/,"2022,10,11,10,00",tennis,challenger-men-singles,ismaning
YyZ9Aghs,https://www.betexplorer.com/tennis/challenger-men-singles/ismaning/klein-lukas-virtanen-otto/YyZ9Aghs/,"2022,10,11,10,00",tennis,challenger-men-singles,ismaning
6RQM7ix0,https://www.betexplorer.com/tennis/challenger-men-singles/ismaning/kolar-zdenek-haase-robin/6RQM7ix0/,"2022,10,11,10,00",tennis,challenger-men-singles,ismaning
AJNw49yP,https://www.betexplorer.com/tennis/challenger-men-singles/ismaning/moraing-mats-sachko-vitaliy/AJNw49yP/,"2022,10,11,10,00",tennis,challenger-men-singles,ismaning
pCxE9D7m,https://www.betexplorer.com/tennis/challenger-men-singles/ismaning/rehberg-max-hans-machac-tomas/pCxE9D7m/,"2022,10,11,10,00",tennis,challenger-men-singles,ismaning
dGJZ4kMI,https://www.betexplorer.com/tennis/challenger-men-singles/ismaning/topo-marko-forejtek-jonas/dGJZ4kMI/,"2022,10,11,10,00",tennis,challenger-men-singles,ismaning
dxXgNigp,https://www.betexplorer.com/tennis/challenger-men-singles/st-tropez/added-dan-verdasco-fernando/dxXgNigp/,"2022,10,11,10,00",tennis,challenger-men-singles,st-tropez
vcpSRXpT,https://www.betexplorer.com/tennis/challenger-men-singles/st-tropez/briand-jurgen-hardt-nick/vcpSRXpT/,"2022,10,11,10,00",tennis,challenger-men-singles,st-tropez
4vhFUZ0A,https://www.betexplorer.com/tennis/challenger-men-singles/st-tropez/de-jong-jesper-grenier-hugo/4vhFUZ0A/,"2022,10,11,10,00",tennis,challenger-men-singles,st-tropez
Eka2XyHi,https://www.betexplorer.com/tennis/challenger-men-singles/st-tropez/gaston-hugo-arnaldi-matteo/Eka2XyHi/,"2022,10,11,10,00",tennis,challenger-men-singles,st-tropez
rVjJTgGG,https://www.betexplorer.com/tennis/challenger-men-singles/st-tropez/humbert-ugo-lokoli-laurent/rVjJTgGG/,"2022,10,11,10,00",tennis,challenger-men-singles,st-tropez
06oOSDVM,https://www.betexplorer.com/tennis/challenger-men-singles/st-tropez/rodionov-jurij-kukushkin-mikhail/06oOSDVM/,"2022,10,11,10,00",tennis,challenger-men-singles,st-tropez
dEl7WeWc,https://www.betexplorer.com/tennis/challenger-men-singles/st-tropez/rosol-lukas-ritschard-alexander/dEl7WeWc/,"2022,10,11,10,00",tennis,challenger-men-singles,st-tropez
fNkcMB8j,https://www.betexplorer.com/tennis/challenger-men-singles/st-tropez/shevchenko-alexander-silva-frederico-ferreira/fNkcMB8j/,"2022,10,11,10,00",tennis,challenger-men-singles,st-tropez
za0bYH1o,https://www.betexplorer.com/tennis/challenger-men-singles/st-tropez/van-assche-luca-barrere-gregoire/za0bYH1o/,"2022,10,11,10,00",tennis,challenger-men-singles,st-tropez
G40G94l4,https://www.betexplorer.com/tennis/challenger-men-doubles/ismaning/fallert-fabian-jebens-hendrik-kolar-zdenek-nouza-petr/G40G94l4/,"2022,10,11,10,00",tennis,challenger-men-doubles,ismaning
WGb4C64o,https://www.betexplorer.com/tennis/challenger-men-doubles/ismaning/fayziev-sanjar-karlovskiy-evgeny-haase-robin-masur-daniel/WGb4C64o/,"2022,10,11,10,00",tennis,challenger-men-doubles,ismaning
CWgP7rJG,https://www.betexplorer.com/tennis/challenger-men-doubles/ismaning/geerts-michael-niklas-salminen-patrik-schnaitter-jakob-wallner-mark/CWgP7rJG/,"2022,10,11,10,00",tennis,challenger-men-doubles,ismaning
xE1CApZc,https://www.betexplorer.com/tennis/challenger-men-doubles/ismaning/harris-billy-santillan-akira-paulson-andrew-sachko-vitaliy/xE1CApZc/,"2022,10,11,10,00",tennis,challenger-men-doubles,ismaning
UBKLmNRp,https://www.betexplorer.com/tennis/challenger-men-doubles/ismaning/o-mara-jonny-ramanathan-ramkumar-liutarevich-ivan-manafov-vladyslav/UBKLmNRp/,"2022,10,11,10,00",tennis,challenger-men-doubles,ismaning
6ggT62YM,https://www.betexplorer.com/tennis/challenger-men-doubles/ismaning/rehberg-max-hans-sandkaulen-tim-basic-mirza-fatic-nerman/6ggT62YM/,"2022,10,11,10,00",tennis,challenger-men-doubles,ismaning
YueL8O3A,https://www.betexplorer.com/tennis/challenger-men-doubles/ismaning/schell-niklas-wehnelt-kai-brown-dustin-lenz-julian/YueL8O3A/,"2022,10,11,10,00",tennis,challenger-men-doubles,ismaning
ri28BQJi,https://www.betexplorer.com/tennis/challenger-men-doubles/ismaning/walkow-szymon-zuk-kacper-raja-purav-sharan-divij/ri28BQJi/,"2022,10,11,10,00",tennis,challenger-men-doubles,ismaning
ANo23rpL,https://www.betexplorer.com/tennis/challenger-men-doubles/st-tropez/added-dan-olivetti-albano-sitak-artem-verbeek-sem/ANo23rpL/,"2022,10,11,10,00",tennis,challenger-men-doubles,st-tropez
WWnb4OUE,https://www.betexplorer.com/tennis/challenger-men-doubles/st-tropez/barrere-gregoire-blanchet-ugo-huey-treat-schnur-max-jacob/WWnb4OUE/,"2022,10,11,10,00",tennis,challenger-men-doubles,st-tropez
SvK5bYtd,https://www.betexplorer.com/tennis/challenger-men-doubles/st-tropez/blancaneaux-geoffrey-margaroli-luca-bondarevskiy-yan-shevchenko-alexander/SvK5bYtd/,"2022,10,11,10,00",tennis,challenger-men-doubles,st-tropez
YHK1aERk,https://www.betexplorer.com/tennis/challenger-men-doubles/st-tropez/bortolotti-marco-johnson-luke-arneodo-romain-weissborn-tristan-samuel/YHK1aERk/,"2022,10,11,10,00",tennis,challenger-men-doubles,st-tropez
trO9chd2,https://www.betexplorer.com/tennis/challenger-men-doubles/st-tropez/de-jong-jesper-stevens-bart-krutykh-oleksii-lomakin-grigoriy/trO9chd2/,"2022,10,11,10,00",tennis,challenger-men-doubles,st-tropez
fRLc0fCq,https://www.betexplorer.com/tennis/challenger-men-doubles/st-tropez/eysseric-jonathan-skugor-franco-arthur-fils-mayot-harold/fRLc0fCq/,"2022,10,11,10,00",tennis,challenger-men-doubles,st-tropez
pGlj6p02,https://www.betexplorer.com/tennis/challenger-men-doubles/st-tropez/martinez-luis-david-molchanov-denys-arribage-theo-tabur-clement/pGlj6p02/,"2022,10,11,10,00",tennis,challenger-men-doubles,st-tropez
O6mf54F8,https://www.betexplorer.com/tennis/challenger-men-doubles/st-tropez/rosol-lukas-travaglia-stefano-briand-jurgen-royer-valentin/O6mf54F8/,"2022,10,11,10,00",tennis,challenger-men-doubles,st-tropez
MyCCzmBA,https://www.betexplorer.com/tennis/atp-singles/florence/bublik-alexander-garin-cristian/MyCCzmBA/,"2022,10,11,11,00",tennis,atp-singles,florence
0SAGZ6QG,https://www.betexplorer.com/tennis/atp-singles/florence/fucsovics-marton-otte-oscar/0SAGZ6QG/,"2022,10,11,11,00",tennis,atp-singles,florence
vDrwi8ei,https://www.betexplorer.com/tennis/atp-singles/florence/gasquet-richard-nakashima-brandon/vDrwi8ei/,"2022,10,11,11,00",tennis,atp-singles,florence
6PDOXpeT,https://www.betexplorer.com/tennis/atp-singles/florence/goffin-david-passaro-francesco/6PDOXpeT/,"2022,10,11,11,00",tennis,atp-singles,florence
fkAKYQuN,https://www.betexplorer.com/tennis/atp-singles/florence/mcdonald-mackenzie-brooksby-jenson/fkAKYQuN/,"2022,10,11,11,00",tennis,atp-singles,florence
C6jiT43p,https://www.betexplorer.com/tennis/atp-singles/florence/sonego-lorenzo-zapata-miralles-bernabe/C6jiT43p/,"2022,10,11,11,00",tennis,atp-singles,florence
EFYxpRjp,https://www.betexplorer.com/tennis/atp-singles/florence/van-rijthoven-tim-ymer-mikael/EFYxpRjp/,"2022,10,11,11,00",tennis,atp-singles,florence
nFuLKbXo,https://www.betexplorer.com/tennis/atp-singles/gijon/davidovich-fokina-alejandro-murray-andy/nFuLKbXo/,"2022,10,11,14,00",tennis,atp-singles,gijon
GfXyHGWA,https://www.betexplorer.com/tennis/atp-singles/gijon/giron-marcos-ramos-vinolas-albert/GfXyHGWA/,"2022,10,11,14,00",tennis,atp-singles,gijon
UcP8HS5O,https://www.betexplorer.com/tennis/atp-singles/gijon/ivashka-ilya-lopez-feliciano/UcP8HS5O/,"2022,10,11,14,00",tennis,atp-singles,gijon
KSwTIx2b,https://www.betexplorer.com/tennis/atp-singles/gijon/korda-sebastian-munar-jaume/KSwTIx2b/,"2022,10,11,14,00",tennis,atp-singles,gijon
ITYFqUsl,https://www.betexplorer.com/tennis/challenger-men-singles/rio-de-janeiro/cecchinato-marco-villanueva-gonzalo/ITYFqUsl/,"2022,10,11,15,00",tennis,challenger-men-singles,rio-de-janeiro
z5qBpASs,https://www.betexplorer.com/tennis/challenger-men-singles/rio-de-janeiro/collarini-andrea-varillas-juan-pablo/z5qBpASs/,"2022,10,11,15,00",tennis,challenger-men-singles,rio-de-janeiro
CWDfteyd,https://www.betexplorer.com/tennis/challenger-men-singles/rio-de-janeiro/comesana-francisco-pucinelli-de-almeida-matheus/CWDfteyd/,"2022,10,11,15,00",tennis,challenger-men-singles,rio-de-janeiro
I9EjsyMk,https://www.betexplorer.com/tennis/challenger-men-singles/rio-de-janeiro/darderi-luciano-ugo-carabelli-camilo/I9EjsyMk/,"2022,10,11,15,00",tennis,challenger-men-singles,rio-de-janeiro
jFIZ3bT2,https://www.betexplorer.com/tennis/challenger-men-singles/rio-de-janeiro/olivo-renzo-elias-gastao/jFIZ3bT2/,"2022,10,11,15,00",tennis,challenger-men-singles,rio-de-janeiro
U5Hw3Ir9,https://www.betexplorer.com/tennis/challenger-men-singles/rio-de-janeiro/popko-dmitry-choinski-jan/U5Hw3Ir9/,"2022,10,11,15,00",tennis,challenger-men-singles,rio-de-janeiro
j93VMra1,https://www.betexplorer.com/tennis/challenger-men-doubles/rio-de-janeiro/almeida-gustavo-fonseca-joao-matuszewski-piotr-merino-alexander/j93VMra1/,"2022,10,11,15,00",tennis,challenger-men-doubles,rio-de-janeiro
zJSqpF0c,https://www.betexplorer.com/tennis/challenger-men-doubles/rio-de-janeiro/andreozzi-guido-duran-guillermo-tirante-thiago-agustin-torres-juan-bautista/zJSqpF0c/,"2022,10,11,15,00",tennis,challenger-men-doubles,rio-de-janeiro
4hXmqZF3,https://www.betexplorer.com/tennis/challenger-men-doubles/rio-de-janeiro/choinski-jan-nagal-sumit-reis-da-silva-joao-lucas-zormann-da-silva-marcelo/4hXmqZF3/,"2022,10,11,15,00",tennis,challenger-men-doubles,rio-de-janeiro
rqWirgV9,https://www.betexplorer.com/tennis/challenger-men-doubles/rio-de-janeiro/comesana-francisco-paz-juan-pablo-alves-mateus-2001-ribeiro-eduardo/rqWirgV9/,"2022,10,11,15,00",tennis,challenger-men-doubles,rio-de-janeiro
W6mUO4Ul,https://www.betexplorer.com/tennis/challenger-men-doubles/rio-de-janeiro/dutra-da-silva-daniel-roveri-sidney-gabriel-collarini-andrea-zukas-matias/W6mUO4Ul/,"2022,10,11,15,00",tennis,challenger-men-doubles,rio-de-janeiro
xplQPpFr,https://www.betexplorer.com/tennis/challenger-men-doubles/rio-de-janeiro/navone-mariano-villanueva-gonzalo-leite-wilson-pereira-jose/xplQPpFr/,"2022,10,11,15,00",tennis,challenger-men-doubles,rio-de-janeiro
Q7LdsDpG,https://www.betexplorer.com/tennis/challenger-men-doubles/rio-de-janeiro/olivieri-genaro-alberto-rodriguez-taverna-santiago-popko-dmitry-rincon-daniel/Q7LdsDpG/,"2022,10,11,15,00",tennis,challenger-men-doubles,rio-de-janeiro
AcnYNOqe,https://www.betexplorer.com/tennis/challenger-men-doubles/rio-de-janeiro/seyboth-wild-thiago-ugo-carabelli-camilo-drzewiecki-karol-paul-jakub/AcnYNOqe/,"2022,10,11,15,00",tennis,challenger-men-doubles,rio-de-janeiro
QFRbvKmI,https://www.betexplorer.com/tennis/challenger-men-doubles/fairfield/ayeni-alafia-diallo-gabriel-damm-martin-2003-langmo-christian/QFRbvKmI/,"2022,10,11,19,00",tennis,challenger-men-doubles,fairfield
xfiDcslt,https://www.betexplorer.com/tennis/challenger-men-doubles/fairfield/cash-julian-patten-henry-king-evan-krueger-mitchell/xfiDcslt/,"2022,10,11,19,00",tennis,challenger-men-doubles,fairfield
b9uMeLIh,https://www.betexplorer.com/tennis/challenger-men-doubles/fairfield/chandrasekar-anirudh-prashanth-vijay-sundar-glinka-daniil-saar-karl-kiur/b9uMeLIh/,"2022,10,11,19,00",tennis,challenger-men-doubles,fairfield
GpjHd13n,https://www.betexplorer.com/tennis/challenger-men-doubles/fairfield/couacaud-enzo-stalder-reese-carr-simon-cozbinov-alexander/GpjHd13n/,"2022,10,11,19,00",tennis,challenger-men-doubles,fairfield
CCqQfuYb,https://www.betexplorer.com/tennis/challenger-men-doubles/fairfield/fanselow-sebastian-leshem-edan-harris-andrew-saville-luke/CCqQfuYb/,"2022,10,11,19,00",tennis,challenger-men-doubles,fairfield
nVF7xbIU,https://www.betexplorer.com/tennis/challenger-men-doubles/fairfield/kikuchi-yuta-overbeck-carl-emil-broom-charles-frantzen-constantin/nVF7xbIU/,"2022,10,11,19,00",tennis,challenger-men-doubles,fairfield
8vH3wv3O,https://www.betexplorer.com/tennis/challenger-men-doubles/fairfield/lock-benjamin-lock-courtney-john-jaziri-malek-pervolarakis-michail/8vH3wv3O/,"2022,10,11,19,00",tennis,challenger-men-doubles,fairfield
6ZrUgam5,https://www.betexplorer.com/tennis/challenger-men-doubles/fairfield/riedi-leandro-vacherot-valentin-clark-ezekiel-perez-alfredo/6ZrUgam5/,"2022,10,11,19,00",tennis,challenger-men-doubles,fairfield
08A8pKDp,https://www.betexplorer.com/baseball/usa/mlb/new-york-mets-san-diego-padres/08A8pKDp/,"2022,10,11,1,07",baseball,usa,mlb
hA5HxoYd,https://www.betexplorer.com/baseball/japan/npb/yokohama-baystars-hanshin-tigers/hA5HxoYd/,"2022,10,11,7,00",baseball,japan,npb
MeGp9gI1,https://www.betexplorer.com/baseball/south-korea/kbo/kt-wiz-suwon-nc-dinos/MeGp9gI1/,"2022,10,11,7,00",baseball,south-korea,kbo
ANumcnDl,https://www.betexplorer.com/baseball/taiwan/cpbl/fubon-guardians-wei-chuan-dragons/ANumcnDl/,"2022,10,11,11,05",baseball,taiwan,cpbl
hnVid6Sf,https://www.betexplorer.com/baseball/taiwan/cpbl/rakuten-monkeys-chinatrust-brothers/hnVid6Sf/,"2022,10,11,11,05",baseball,taiwan,cpbl
va9CqvTj,https://www.betexplorer.com/baseball/usa/mlb/atlanta-braves-philadelphia-phillies/va9CqvTj/,"2022,10,11,19,07",baseball,usa,mlb
dp39QFTs,https://www.betexplorer.com/baseball/usa/mlb/houston-astros-seattle-mariners/dp39QFTs/,"2022,10,11,22,00",baseball,usa,mlb
p6eMNDD0,https://www.betexplorer.com/baseball/usa/mlb/new-york-yankees-cleveland-guardians/p6eMNDD0/,"2022,10,11,22,00",baseball,usa,mlb
GY9pWyZ3,https://www.betexplorer.com/volleyball/poland/plusliga/bielsko-biala-czarni-radom/GY9pWyZ3/,"2022,10,11,17,30",volleyball,poland,plusliga
nc0OEmiN,https://www.betexplorer.com/volleyball/turkey/efeler-ligi/halkbank-spor-toto/nc0OEmiN/,"2022,10,11,19,00",volleyball,turkey,efeler-ligi
6qA8GHGQ,https://www.betexplorer.com/volleyball/czech-republic/extraliga/liberec-usti/6qA8GHGQ/,"2022,10,11,19,30",volleyball,czech-republic,extraliga
ObDhUF3G,https://www.betexplorer.com/volleyball/poland/plusliga/trefl-gdansk-cuprum/ObDhUF3G/,"2022,10,11,17,30",volleyball,poland,plusliga
8dlvROVi,https://www.betexplorer.com/volleyball/world/world-championship-women/usa-turkey/8dlvROVi/,"2022,10,11,17,30",volleyball,world,world-championship-women
2esmP204,https://www.betexplorer.com/volleyball/world/world-championship-women/serbia-poland/2esmP204/,"2022,10,11,20,30",volleyball,world,world-championship-women
fqgzmq0m,https://www.betexplorer.com/handball/romania/liga-nationala-women/mioveni-baia-mare/fqgzmq0m/,"2022,10,11,16,30",handball,romania,liga-nationala-women
vF1SxPLJ,https://www.betexplorer.com/handball/serbia/arkus-liga-women/nis-mladost-np/vF1SxPLJ/,"2022,10,11,19,00",handball,serbia,arkus-liga-women
xrmVCtvB,https://www.betexplorer.com/handball/sweden/she-women/onnereds-heid/xrmVCtvB/,"2022,10,11,19,00",handball,sweden,she-women
MwayVMgD,https://www.betexplorer.com/handball/denmark/1-division-women/hik-roskilde/MwayVMgD/,"2022,10,11,20,00",handball,denmark,1-division-women
